Sl_no,Type_of_course_Aggregate,Type_of_fine_Aggregate_,Max._Size_of_Coarse_Aggregate_(mm),Cement_O.P.C_(Kg/m3),W/C_Ratio,Water_Content_(Kg/m3),7_day_str
0,Crushed,Natural,40,365,0.52,225,21.8
1,Crushed,Natural,40,365,0.52,225,26.3
2,Crushed,Natural,20,350,0.53,185,32.7
3,Natural,Natural,20,340,0.49,165,30.3
4,Natural,Natural,20,325,0.51,165,27
5,Natural,Natural,20,325,0.51,165,27
6,Crushed,Natural,20,340,0.56,190,31.8
7,Crushed,Natural,20,340,0.56,190,31.8
8,Crushed,Natural,20,370,0.5,185,37.8
9,Crushed,Natural,20,360,0.53,190,28.2
10,Crushed,Natural,20,330,0.5,205,33.2
11,Crushed,Natural,20,330,0.5,165,33.2
12,Crushed,Natural,20,350,0.54,190,31
13,Crushed,Natural,20,350,0.54,190,31
14,Crushed,Natural,20,345,0.55,190,33.9
15,Crushed,Natural,20,340,0.53,180,36.5
16,Crushed,Natural,20,340,0.53,180,36.5
17,Crushed,Natural,20,350,0.54,190,30.9
18,Natural,Natural,20,350,0.51,180,30.4
19,Natural,Natural,20,350,0.51,180,30.4
20,Crushed,Natural,20,350,0.57,200,19
21,Crushed,Natural,20,350,0.53,185,32.8
22,Crushed,Natural,20,350,0.5,180,33.1
23,Crushed,Natural,20,350,0.5,180,33.1
24,Crushed,Natural,20,380,0.5,190,29.1
25,Crushed,Natural,20,380,0.5,290,29.1
26,Crushed,Natural,20,380,0.5,190,29.1
27,Crushed,Natural,20,350,0.54,190,25.8
28,Crushed,Natural,20,350,0.54,190,25.8
29,Crushed,Natural,20,400,0.45,180,36.3
30,Crushed,Natural,20,400,0.45,180,36.3
31,Crushed,Natural,20,400,0.45,180,36.3
32,Crushed,Natural,20,350,0.53,185,28.5
33,Crushed,Natural,20,360,0.53,190,28.2
34,Crushed,Natural,20,350,0.6,210,28.3
35,Crushed,Natural,20,350,0.6,210,28.3
36,Crushed,Natural,20,350,0.6,210,27.8
37,Crushed,Natural,20,350,0.6,210,27.8
38,Crushed,Crushed,20,380,0.55,210,29.4
39,Crushed,Crushed,20,380,0.55,210,29.4
40,Natural,Natural,40,375,0.48,180,35.9
41,Natural,Natural,40,375,0.48,180,35.9
42,Natural,Natural,40,375,0.48,180,35.9
43,Crushed,Natural,20,365,0.53,195,30.2
44,Crushed,Natural,20,365,0.53,195,31.3
45,Crushed,Natural,40,365,0.53,195,31.3
46,Crushed,Natural,40,365,0.53,195,30.2
47,Crushed,Natural,20,400,0.45,180,33.9
48,Natural,Natural,20,350,0.5,175,29.8
49,Natural,Natural,20,350,0.5,175,29.8
50,Crushed,Crushed,40,340,0.56,190,36.7
51,Crushed,Crushed,40,340,0.56,190,32.5
52,Crushed,Crushed,40,340,0.56,190,36.7
53,Crushed,Crushed,40,340,0.56,190,32.5
54,Natural,Natural,20,380,0.5,190,25
55,Natural,Natural,20,380,0.5,190,25
56,Crushed,Natural,20,350,0.4,190,30.5
57,Natural,Natural,20,340,0.49,165,30.3
58,Crushed,Natural,20,365,0.47,170,32.8
59,Crushed,Natural,20,365,0.47,170,39.2
60,Crushed,Natural,20,365,0.47,170,39.8
61,Crushed,Natural,20,365,0.47,170,32.8
62,Natural,Natural,20,350,0.47,165,33.1
63,Natural,Natural,20,350,0.47,165,33.1
64,Natural,Natural,20,350,0.49,170,35.9
65,Crushed,Natural,20,350,0.56,195,26.3
66,Crushed,Natural,20,350,0.56,195,26.3
67,Crushed,Natural,20,350,0.5,175,32.8
68,Crushed,Natural,20,350,0.54,190,33.3
69,Crushed,Natural,20,350,0.5,175,32.8
70,Crushed,Natural,20,350,0.54,190,33.3
71,Natural,Natural,20,360,0.5,180,24.8
72,Natural,Natural,20,350,0.49,170,27.3
73,Natural,Natural,20,330,0.48,160,30.8
74,Natural,Natural,20,330,0.48,160,30.8
75,Crushed,Natural,20,350,0.53,185,35.2
76,Crushed,Natural,20,350,0.53,185,35.2
77,Natural,Natural,40,350,0.5,180,19.4
78,Natural,Natural,40,350,0.5,175,25.1
79,Natural,Natural,40,350,0.46,100,32.9
80,Natural,Natural,40,350,0.46,160,32.9
81,Natural,Natural,40,350,0.5,175,27.2
82,Natural,Natural,40,350,0.5,175,27.2
83,Natural,Natural,20,360,0.51,185,31.8
84,Natural,Natural,20,375,0.51,190,23.7
85,Natural,Natural,20,375,0.51,190,23.7
86,Crushed,Natural,40,375,0.52,195,27.8
87,Natural,Natural,20,330,0.5,165,33.1
88,Natural,Natural,20,340,0.5,170,31.4
89,Natural,Natural,20,340,0.5,170,31.4
90,Natural,Natural,20,350,0.53,185,26.3
91,Crushed,Natural,20,350,0.56,195,27.6
92,Natural,Natural,20,350,0.53,185,26.3
93,Crushed,Natural,20,350,0.56,195,27.6
94,Crushed,Natural,20,350,0.53,185,34.3
95,Crushed,Natural,20,350,0.53,185,34.3
96,Natural,Natural,40,350,0.48,168,24.7
97,Natural,Natural,20,310,0.51,160,27.3
98,Natural,Natural,20,310,0.51,160,27.3
99,Natural,Natural,20,350,0.5,175,27.6
100,Natural,Natural,20,350,0.5,175,27.6
101,Crushed,Natural,20,350,0.54,190,26.7
102,Natural,Natural,40,350,0.5,175,32.4
103,Natural,Natural,40,350,0.5,175,32.4
104,Natural,Natural,40,350,0.5,175,32.4
105,Natural,Natural,40,350,0.48,168,24.7
106,Crushed,Natural,20,350,0.54,190,31.6
107,Crushed,Natural,20,350,0.54,190,31.6
108,Natural,Natural,40,360,0.49,175,28
109,Crushed,Natural,20,365,0.53,210,26.5
110,Crushed,Natural,20,365,0.53,210,26.5
111,Natural,Natural,40,250,0.5,175,27.8
112,Natural,Natural,40,340,0.5,170,32.4
113,Natural,Natural,40,350,0.5,175,27.8
114,Natural,Natural,40,350,0.5,175,27.8
115,Natural,Natural,40,350,0.5,175,27.5
116,Natural,Natural,40,350,0.5,175,27.5
117,Natural,Natural,40,350,0.5,175,24.1
118,Natural,Natural,40,350,0.5,175,24.1
119,Crushed,Natural,20,400,0.46,185,37.4
120,Crushed,Natural,20,350,0.54,190,20.5
121,Natural,Natural,20,350,0.54,190,20.5
122,Crushed,Natural,20,350,0.54,190,20.5
123,Natural,Natural,20,350,0.49,170,33.9
124,Natural,Natural,20,350,0.49,170,33.9
125,Crushed,Natural,20,380,0.5,190,31.5
126,Crushed,Natural,40,380,0.5,190,31.5
127,Natural,Natural,40,325,0.49,160,25.6
128,Natural,Natural,40,325,0.49,160,25.6
129,Natural,Natural,20,350,0.47,165,31.2
130,Natural,Natural,20,350,0.47,165,31.2
131,Natural,Natural,40,360,0.51,185,24.9
132,Natural,Natural,40,360,0.51,185,24.9
133,Natural,Natural,20,335,0.5,165,24.7
134,Natural,Natural,20,335,0.5,165,24.7
135,Crushed,Natural,20,350,0.51,180,21.8
136,Crushed,Natural,20,350,0.51,180,21.8
137,Crushed,Natural,20,350,0.53,185,33.5
138,Crushed,Natural,20,350,0.53,185,34.6
139,Crushed,Natural,20,350,0.54,190,25.8
140,Crushed,Natural,20,345,0.55,190,33.9
141,Crushed,Natural,20,350,0.5,175,32.7
142,Crushed,Natural,20,350,0.5,175,32.7
143,Crushed,Natural,20,350,0.5,175,32.7
144,Crushed,Natural,20,350,0.53,185,21.9
145,Crushed,Natural,20,350,0.53,185,21.9
146,Crushed,Natural,20,350,0.5,170,18.2
147,Crushed,Natural,20,350,0.54,170,18.2
148,Crushed,Natural,20,350,0.51,180,31.8
149,Crushed,Natural,20,350,0.51,180,31.8
150,Crushed,Natural,20,350,0.52,180,36.9
151,Crushed,Natural,20,350,0.52,180,36.9
152,Crushed,Natural,20,350,0.48,185,33.2
153,Crushed,Natural,20,350,0.53,185,33.2
154,Crushed,Natural,20,350,0.54,190,27.1
155,Crushed,Natural,20,350,0.54,190,27.1
156,Crushed,Natural,20,350,0.49,185,23.4
157,Crushed,Natural,20,350,0.53,185,32.4
158,Natural,Natural,20,350,0.51,180,26.4
159,Natural,Natural,20,350,0.51,180,28.6
160,Natural,Natural,20,350,0.51,180,27.1
161,Natural,Natural,20,350,0.51,180,27.1
162,Crushed,Natural,40,350,0.54,190,21.9
163,Crushed,Natural,40,350,0.54,190,21.9
164,Natural,Natural,40,350,0.51,180,26.4
165,Natural,Natural,40,350,0.51,180,28.6
166,Natural,Natural,40,350,0.51,180,26.4
167,Natural,Natural,40,350,0.51,180,28.6
168,Natural,Natural,40,300,0.53,160,28.3
169,Natural,Natural,40,300,0.53,160,28.3
170,Natural,Natural,20,325,0.49,160,27.6
171,Crushed,Natural,20,350,0.51,180,35.5
172,Crushed,Natural,20,350,0.51,180,35.5
173,Crushed,Natural,20,350,0.54,190,24.8
174,Crushed,Natural,20,350,0.54,290,28.4
175,Crushed,Natural,20,350,0.54,190,28.4
176,Crushed,Natural,20,350,0.51,180,28.6
177,Crushed,Natural,20,350,0.51,180,28.6
178,Crushed,Natural,20,350,0.54,190,24.8
179,Natural,Natural,40,350,0.51,180,23.7
180,Natural,Natural,40,350,0.5,175,37.7
181,Natural,Natural,40,350,0.5,175,27.7
182,Natural,Natural,40,350,0.5,175,27.9
183,Natural,Natural,40,350,0.5,175,27.9
184,Crushed,Natural,20,375,0.55,205,29.1
185,Crushed,Natural,20,375,0.55,205,29.1
186,Natural,Natural,40,375,0.45,170,40.2
187,Natural,Natural,40,375,0.45,170,45.8
188,Natural,Natural,40,360,0.45,162,28.7
189,Natural,Natural,40,360,0.45,162,28.7
190,Natural,Natural,20,250,0.5,175,30
191,Natural,Natural,40,340,0.49,165,34.2
192,Natural,Natural,40,340,0.49,165,28.4
193,Natural,Natural,40,340,0.49,165,28.4
194,Natural,Natural,20,350,0.53,185,26.9
195,Natural,Natural,20,350,0.53,185,26.9
196,Natural,Natural,20,350,0.5,175,30
197,Natural,Natural,40,350,0.5,175,18.3
198,Natural,Natural,40,350,0.5,175,18.3
199,Natural,Natural,40,350,0.5,175,24.3
200,Natural,Natural,40,350,0.51,175,27.8
201,Natural,Natural,40,350,0.5,175,24.3
202,Natural,Natural,40,350,0.5,175,24.3
203,Natural,Natural,40,350,0.51,175,27.8
204,Natural,Natural,40,350,0.51,175,27.8
205,Natural,Natural,20,360,0.5,180,26.5
206,Natural,Natural,20,360,0.5,180,26.5
207,Natural,Natural,40,365,0.51,185,24.6
208,Natural,Natural,40,365,0.51,185,24.6
209,Natural,Natural,40,375,0.48,180,32.5
210,Crushed,Natural,20,335,0.52,185,34.1
211,Crushed,Natural,20,335,0.52,185,34.1
212,Crushed,Natural,20,335,0.52,185,34.1
213,Natural,Natural,20,350,0.51,180,20.8
214,Natural,Natural,20,350,0.51,180,20.8
215,Natural,Natural,20,350,0.51,180,20.8
216,Natural,Natural,20,350,0.51,180,12
217,Natural,Natural,20,350,0.51,180,21.1
218,Natural,Natural,20,350,0.51,180,21.1
219,Natural,Natural,40,350,0.51,180,26.3
220,Natural,Natural,20,360,0.49,175,26.3
221,Natural,Natural,20,360,0.51,185,31.3
222,Natural,Natural,20,360,0.51,185,31.3
223,Natural,Natural,20,325,0.51,165,31.4
224,Crushed,Natural,20,350,0.54,190,23.1
225,Crushed,Natural,20,350,0.54,190,23.1
226,Natural,Natural,20,350,0.51,165,31.4
227,Natural,Natural,20,350,0.49,170,32.2
228,Natural,Natural,40,350,0.5,175,27.6
229,Natural,Natural,40,350,0.5,175,27.6
230,Natural,Natural,40,350,0.5,175,29.4
231,Natural,Natural,40,325,0.49,160,30.8
232,Natural,Natural,40,325,0.49,160,26
233,Natural,Natural,40,325,0.49,160,26
234,Natural,Natural,40,320,0.5,160,27.6
235,Natural,Natural,40,320,0.5,160,27.6
236,Crushed,Natural,20,350,0.47,165,33.9
237,Crushed,Natural,20,350,0.47,165,27.8
238,Natural,Natural,20,350,0.48,165,27.8
239,Crushed,Natural,20,350,0.47,165,27.8
240,Natural,Natural,20,350,0.46,160,32.4
241,Natural,Natural,20,350,0.48,165,27.8
242,Natural,Natural,20,350,0.46,160,32.4
243,Natural,Natural,40,350,0.47,165,28.3
244,Natural,Natural,40,350,0.54,190,19.9
245,Natural,Natural,40,350,0.47,165,36.7
246,Natural,Natural,20,365,0.48,175,31.1
247,Natural,Natural,20,365,0.48,175,31.1
248,Crushed,Natural,20,375,0.51,190,24.9
249,Crushed,Natural,20,375,0.51,190,24.9
250,Natural,Natural,40,340,0.47,160,28
251,Natural,Natural,40,340,0.47,169,28
252,Crushed,Natural,20,350,0.54,190,34.6
253,Crushed,Natural,20,350,0.54,190,34.6
254,Natural,Natural,40,350,0.5,175,25.3
255,Natural,Natural,40,350,0.5,175,25.3
256,Crushed,Natural,20,365,0.53,195,25.1
257,Crushed,Natural,20,365,0.53,195,25.1
258,Natural,Natural,40,350,0.47,165,36.7
259,Natural,Natural,20,350,0.5,175,26.8
260,Natural,Natural,20,350,0.51,180,17.9
261,Natural,Natural,20,350,0.51,180,17.9
262,Natural,Natural,20,350,0.5,175,26.8
263,Natural,Natural,20,350,0.5,175,26.8
264,Crushed,Natural,20,350,0.53,184,29.1
265,Crushed,Natural,20,350,0.5,185,30.8
266,Natural,Natural,40,350,0.51,180,26.1
267,Natural,Natural,40,350,0.51,165,30
268,Natural,Natural,40,350,0.51,165,30
269,Crushed,Natural,40,350,0.51,100,19.4
270,Crushed,Natural,40,350,0.51,180,19.4
271,Natural,Natural,40,350,0.51,180,26.1
272,Natural,Natural,40,350,0.51,180,19.7
273,Natural,Natural,40,350,0.51,180,19.7
274,Natural,Natural,40,350,0.5,175,28.1
275,Natural,Natural,40,350,0.5,175,27.7
276,Natural,Natural,40,350,0.5,175,28.1
277,Natural,Natural,40,350,0.5,175,27.7
278,Natural,Natural,40,350,0.5,175,24.2
279,Natural,Natural,40,350,0.5,180,24.2
280,Crushed,Natural,40,350,0.53,185,29.4
281,Natural,Natural,40,360,0.5,180,24.3
282,Natural,Natural,40,360,0.5,180,24.3
283,Natural,Natural,40,350,0.51,153,30.8
284,Natural,Natural,40,350,0.44,153,37
285,Natural,Natural,40,350,0.44,153,37
286,Natural,Natural,40,350,0.44,153,30.8
287,Natural,Natural,20,340,0.49,165,32.6
288,Natural,Natural,20,340,0.49,190,32.6
289,Crushed,Natural,20,350,0.53,185,28.9
290,Crushed,Natural,20,350,0.53,185,28.9
291,Natural,Natural,20,350,0.49,170,27.7
292,Natural,Natural,20,350,0.49,170,27.7
293,Natural,Natural,20,350,0.49,170,32.6
294,Natural,Natural,20,350,0.49,170,32.6
295,Crushed,Natural,20,350,0.54,190,25.4
296,Crushed,Natural,20,350,0.54,190,25.4
297,Crushed,Natural,20,350,0.54,190,29
298,Crushed,Natural,20,350,0.54,190,29
299,Natural,Natural,20,350,0.5,175,32.9
300,Natural,Natural,20,350,0.5,175,32.9
301,Natural,Natural,40,350,0.49,170,26.9
302,Natural,Natural,40,350,0.49,170,26.9
303,Natural,Natural,40,350,0.51,180,25.3
304,Natural,Natural,40,350,0.51,180,25.3
305,Natural,Natural,40,350,0.51,180,25.3
306,Natural,Natural,40,350,0.5,175,24.4
307,Natural,Natural,40,350,0.5,175,24.4
308,Natural,Natural,40,360,0.51,180,23.5
309,Natural,Natural,40,360,0.51,180,23.5
310,Natural,Natural,40,325,0.49,160,31.5
311,Natural,Natural,40,325,0.49,160,23
312,Natural,Natural,40,325,0.49,160,23
313,Natural,Natural,40,325,0.49,160,31.5
314,Crushed,Natural,20,350,0.53,185,29.4
315,Crushed,Natural,20,350,0.53,185,32.3
316,Crushed,Natural,20,350,0.54,190,24.1
317,Crushed,Natural,20,350,0.54,190,24.1
318,Natural,Natural,20,350,0.46,160,25.9
319,Natural,Natural,20,350,0.46,160,25.9
320,Crushed,Natural,40,350,0.54,190,30.4
321,Crushed,Natural,40,350,0.54,190,30.4
322,Natural,Natural,40,350,0.5,175,31.4
323,Natural,Natural,40,350,0.5,175,31.4
324,Natural,Natural,40,350,0.5,175,23.6
325,Natural,Natural,40,350,0.5,175,23.6
326,Natural,Natural,40,350,0.5,175,22.1
327,Natural,Natural,40,350,0.5,175,22.1
328,Natural,Natural,40,350,0.5,175,24.4
329,Natural,Natural,40,360,0.5,180,28.1
330,Natural,Natural,40,360,0.5,180,28.1
331,Natural,Natural,40,365,0.49,180,24.4
332,Natural,Natural,40,365,0.49,180,24.4
333,Natural,Natural,20,350,0.51,180,20.7
334,Natural,Natural,20,350,0.51,180,20.7
335,Natural,Natural,20,350,0.51,180,25.7
336,Natural,Natural,20,350,0.49,170,29.5
337,Natural,Natural,20,350,0.49,170,29.5
338,Natural,Natural,40,350,0.51,180,20.1
339,Natural,Natural,40,350,0.51,180,25
340,Natural,Natural,40,350,0.51,180,19.7
341,Natural,Natural,40,350,0.51,180,15.6
342,Natural,Natural,40,350,0.51,180,15.9
343,Natural,Natural,40,350,0.51,180,15.9
344,Natural,Natural,40,350,0.51,180,19.7
345,Natural,Natural,40,350,0.51,180,15.6
346,Natural,Natural,40,350,0.51,180,15.6
347,Natural,Natural,40,350,0.51,180,23
348,Natural,Natural,40,350,0.51,180,23
349,Natural,Natural,40,350,0.51,180,23
350,Natural,Natural,40,350,0.51,180,25.7
351,Natural,Natural,40,350,0.51,180,22.2
352,Natural,Natural,40,350,0.51,180,22.8
353,Natural,Natural,40,350,0.51,180,22.8
354,Natural,Natural,40,350,0.51,180,22.2
355,Natural,Natural,40,350,0.5,175,19.9
356,Natural,Natural,40,350,0.5,175,19.9
357,Natural,Natural,40,220,0.5,165,31.4
358,Crushed,Natural,20,300,0.62,185,19
359,Natural,Natural,40,325,0.5,175,22.1
360,Natural,Natural,40,325,0.51,175,22.1
361,Natural,Natural,40,330,0.5,165,31.4
362,Natural,Natural,20,350,0.51,170,21.2
363,Natural,Natural,20,350,0.51,170,21.2
364,Natural,Natural,20,350,0.5,175,28.6
365,Natural,Natural,40,350,0.5,175,20.5
366,Natural,Natural,40,350,0.5,175,23
367,Natural,Natural,40,350,0.5,175,23
368,Natural,Natural,40,350,0.5,175,20.5
369,Natural,Natural,40,350,0.5,175,21.9
370,Natural,Natural,40,350,0.5,175,21.9
371,Natural,Natural,40,350,0.52,175,25
372,Natural,Natural,40,350,0.52,175,25
373,Natural,Natural,40,350,0.5,175,19.2
374,Natural,Natural,40,350,0.5,175,27
375,Natural,Natural,40,350,0.5,175,27
376,Natural,Natural,40,350,0.5,175,29.2
377,Natural,Natural,40,350,0.5,175,28.6
378,Natural,Natural,40,350,0.47,165,31.1
379,Natural,Natural,40,350,0.47,165,31.1
380,Natural,Natural,40,350,0.5,175,27.9
381,Natural,Natural,40,350,0.5,175,27.9
382,Natural,Natural,40,350,0.51,180,26.2
383,Natural,Natural,40,350,0.51,180,26.2
384,Natural,Natural,40,350,0.5,175,27.8
385,Natural,Natural,40,350,0.5,175,29.8
386,Natural,Natural,40,350,0.5,175,29.8
387,Natural,Natural,40,350,0.49,170,34.8
388,Natural,Natural,40,350,0.5,175,24
389,Natural,Natural,40,350,0.49,170,34.8
390,Natural,Natural,40,350,0.5,175,28.1
391,Natural,Natural,40,350,0.5,175,28.1
392,Natural,Natural,40,350,0.5,175,21.6
393,Natural,Natural,40,350,0.5,175,21.6
394,Natural,Natural,40,350,0.5,175,24
395,Natural,Natural,40,350,0.5,175,32.3
396,Natural,Natural,40,350,0.5,175,32.3
397,Natural,Natural,40,350,0.5,175,24
398,Natural,Natural,40,350,0.5,175,0
399,Natural,Natural,40,350,0.5,175,24.9
400,Natural,Natural,40,350,0.5,175,24.9
401,Crushed,Natural,40,350,0.54,190,32.8
402,Natural,Natural,40,360,0.5,175,21.6
403,Natural,Natural,40,375,0.48,180,26.2
404,Natural,Natural,40,375,0.48,180,26.2
405,Natural,Natural,20,350,0.51,180,25.1
406,Natural,Natural,20,350,0.51,180,25.1
407,Natural,Natural,20,320,0.52,165,32.7
408,Natural,Natural,20,320,0.52,165,0
409,Natural,Natural,20,320,0.52,165,32.6
410,Natural,Natural,40,325,0.5,160,37.3
411,Natural,Natural,40,325,0.5,160,37.3
412,Crushed,Natural,20,350,0.55,185,23.5
413,Crushed,Natural,20,350,0.55,185,23.5
414,Crushed,Natural,20,350,0.53,185,28.9
415,Crushed,Natural,20,350,0.53,185,28.9
416,Natural,Natural,20,350,0.5,175,32.5
417,Natural,Natural,20,350,0.5,175,32.5
418,Natural,Natural,40,350,0.47,165,28.7
419,Natural,Natural,40,350,0.47,165,26.5
420,Natural,Natural,40,350,0.47,165,26.5
421,Natural,Natural,40,350,0.47,165,28.7
422,Natural,Natural,40,350,0.49,170,26.6
423,Natural,Natural,40,350,0.49,170,26.6
424,Natural,Natural,40,350,0.49,170,22.4
425,Natural,Natural,40,350,0.49,170,22.4
426,Natural,Natural,40,350,0.5,175,19
427,Natural,Natural,40,350,0.49,170,25.3
428,Natural,Natural,40,365,0.49,180,23.4
429,Natural,Natural,40,365,0.49,180,23.4
430,Natural,Natural,20,340,0.5,170,32
431,Natural,Natural,20,340,0.5,170,32
432,Natural,Natural,20,350,0.54,190,24.2
433,Natural,Natural,20,350,0.54,190,24.2
434,Natural,Natural,40,350,0.5,175,31.5
435,Natural,Natural,40,350,0.5,175,38.5
436,Natural,Natural,40,325,0.52,107,27.6
437,Natural,Natural,40,325,0.52,170,27.6
438,Natural,Natural,40,350,0.51,180,20.5
439,Natural,Natural,40,350,0.51,180,20.5
440,Natural,Natural,40,350,0.51,180,15.7
441,Natural,Natural,40,350,0.51,180,23
442,Natural,Natural,40,350,0.52,180,27.4
443,Natural,Natural,40,350,0.51,180,24.2
444,Natural,Natural,40,350,0.51,180,27.4
445,Natural,Natural,40,350,0.5,175,23.1
446,Natural,Natural,40,360,0.5,175,25
447,Natural,Natural,40,380,0.5,175,25
448,Natural,Natural,40,330,0.48,160,32
449,Natural,Natural,40,330,0.48,160,32
450,Crushed,Natural,20,350,0.54,190,25.9
451,Crushed,Natural,20,350,0.54,190,32.5
452,Crushed,Natural,20,350,0.54,190,32.4
453,Crushed,Natural,20,350,0.54,190,31.1
454,Crushed,Natural,20,350,0.54,190,26.8
455,Crushed,Natural,20,350,0.54,190,25.9
456,Crushed,Natural,20,350,0.54,190,26.8
457,Crushed,Natural,20,350,0.54,190,31.1
458,Natural,Natural,40,325,0.5,160,18.7
459,Natural,Natural,40,325,0.5,160,38.7
460,Natural,Natural,20,340,0.5,170,26.3
461,Natural,Natural,20,340,0.5,170,26.3
462,Natural,Natural,20,340,0.5,170,28.1
463,Natural,Natural,20,340,0.5,170,28.1
464,Natural,Natural,40,350,0.47,165,32.1
465,Natural,Natural,40,350,0.47,165,32.1
466,Natural,Natural,20,335,0.52,175,21.3
467,Natural,Natural,20,335,0.51,171,27.7
468,Natural,Natural,20,335,0.51,171,27.7
469,Natural,Natural,20,335,0.52,175,21.5
470,Natural,Natural,40,350,0.51,180,27.4
471,Natural,Natural,40,350,0.51,180,27.4
472,Crushed,Natural,40,350,0.5,175,30.8
473,Crushed,Natural,40,350,0.5,175,30.8
474,Natural,Natural,40,350,0.5,180,24
475,Natural,Natural,40,350,0.55,180,21.5
476,Natural,Natural,40,350,0.51,180,30.1
477,Natural,Natural,20,400,0.41,165,30.2
478,Natural,Natural,40,310,0.5,155,33
479,Natural,Natural,40,310,0.5,155,33
480,Natural,Natural,40,350,0.5,175,28.6
481,Natural,Natural,40,350,0.5,175,28.6
482,Crushed,Natural,40,350,0.5,175,30.9
483,Crushed,Natural,40,350,0.5,175,30.9
484,Natural,Natural,40,350,0.51,180,24.6
485,Natural,Natural,40,350,0.51,180,24.6
486,Natural,Natural,40,350,0.5,175,27.2
487,Natural,Natural,40,350,0.5,175,22
488,Natural,Natural,40,350,0.49,170,25.9
489,Natural,Natural,40,350,0.49,170,25.9
490,Crushed,Natural,40,350,0.5,175,30.2
491,Crushed,Natural,40,350,0.5,175,30.2
492,Crushed,Natural,20,370,0.55,205,33.5
493,Crushed,Natural,20,370,0.55,205,33.5
494,Natural,Natural,20,325,0.52,170,34.8
495,Natural,Natural,20,325,0.52,170,34.8
496,Natural,Natural,40,350,0.49,170,30.8
497,Natural,Natural,40,350,0.49,170,30.8
498,Natural,Natural,40,350,0.46,160,31.5
499,Natural,Natural,40,350,0.46,160,31.5
500,Natural,Natural,20,340,0.49,165,25.4
501,Natural,Natural,40,350,0.51,180,21.8
502,Natural,Natural,40,350,0.51,180,21.8
503,Natural,Natural,40,350,0.5,175,28.3
504,Natural,Natural,40,350,0.5,175,28.3
505,Natural,Natural,40,350,0.5,175,28.6
506,Natural,Natural,40,350,0.5,175,28.6
507,Natural,Natural,40,350,0.5,175,28.6
508,Natural,Natural,40,350,0.5,175,28.3
509,Natural,Natural,40,350,0.5,175,28.3
510,Crushed,Natural,20,350,0.53,185,28.5
511,Natural,Natural,40,330,0.5,165,30.6
512,Natural,Natural,40,330,0.5,165,30.6
513,Natural,Natural,40,350,0.5,175,24.3
514,Natural,Natural,40,350,0.5,175,24.6
515,Natural,Natural,40,350,0.5,175,24.6
516,Natural,Natural,40,350,0.5,175,26.2
517,Natural,Natural,40,350,0.5,175,26.2
518,Natural,Natural,40,350,0.52,180,28.3
519,Crushed,Natural,20,350,0.53,185,32.7
520,Natural,Natural,20,350,0.49,170,27.7
521,Natural,Natural,20,350,0.46,160,25.9
522,Natural,Natural,20,350,0.48,165,27.8
523,Crushed,Natural,20,340,0.56,190,31.8
524,Crushed,Natural,20,340,0.56,190,31.8
525,Crushed,Natural,20,370,0.5,185,37.8
526,Crushed,Natural,20,330,0.5,205,33.2
527,Crushed,Natural,20,330,0.5,165,33.2
528,Crushed,Natural,20,350,0.54,190,31
529,Crushed,Natural,20,350,0.54,190,31
530,Crushed,Natural,20,345,0.55,190,33.9
531,Crushed,Natural,20,340,0.53,180,36.5
532,Crushed,Natural,20,340,0.53,180,36.5
533,Crushed,Natural,20,350,0.54,190,30.9
534,Crushed,Natural,20,350,0.57,200,19
535,Crushed,Natural,20,350,0.5,180,33.1
536,Crushed,Natural,20,380,0.5,190,29.1
537,Crushed,Natural,20,380,0.5,290,29.1
538,Crushed,Natural,20,380,0.5,190,29.1
539,Crushed,Natural,20,400,0.45,180,36.3
540,Crushed,Natural,20,400,0.45,180,36.3
541,Crushed,Natural,20,400,0.45,180,36.3
542,Crushed,Natural,20,350,0.53,185,28.5
543,Natural,Natural,40,375,0.48,180,35.9
544,Natural,Natural,40,375,0.48,180,35.9
545,Natural,Natural,40,375,0.48,180,35.9
546,Crushed,Natural,20,400,0.45,180,33.9
547,Natural,Natural,20,350,0.49,170,27.3
548,Natural,Natural,20,330,0.48,160,30.8
549,Crushed,Crushed,40,340,0.56,190,36.7
550,Crushed,Crushed,40,340,0.56,190,32.5
551,Crushed,Crushed,40,340,0.56,190,36.7
552,Crushed,Crushed,40,340,0.56,190,32.5
553,Crushed,Natural,20,350,0.4,190,30.5
554,Natural,Natural,20,325,0.51,165,27
555,Crushed,Natural,20,365,0.47,170,39.2
556,Crushed,Natural,20,365,0.47,170,39.8
557,Crushed,Natural,20,365,0.47,170,32.8
558,Natural,Natural,20,325,0.51,165,31.4
559,Natural,Natural,20,340,0.5,170,28.1
560,Natural,Natural,20,350,0.5,175,27.6
561,Crushed,Natural,20,350,0.54,190,33.3
562,Crushed,Natural,20,350,0.54,190,33.3
563,Natural,Natural,20,350,0.5,175,29.8
564,Natural,Natural,20,340,0.5,170,26.3
565,Natural,Natural,20,365,0.48,175,31.1
566,Crushed,Natural,20,350,0.53,185,35.2
567,Crushed,Natural,20,350,0.53,185,35.2
568,Natural,Natural,40,350,0.46,100,32.9
569,Natural,Natural,40,350,0.46,160,32.9
570,Natural,Natural,20,340,0.5,170,31.4
571,Natural,Natural,20,310,0.51,160,27.3
572,Natural,Natural,20,350,0.47,165,33.1
573,Natural,Natural,20,335,0.51,171,27.7
574,Crushed,Natural,20,350,0.53,185,34.3
575,Crushed,Natural,20,350,0.53,185,34.3
576,Natural,Natural,20,350,0.5,175,30
577,Natural,Natural,20,350,0.47,165,31.2
578,Natural,Natural,20,320,0.52,165,32.6
579,Crushed,Natural,20,350,0.54,190,26.7
580,Natural,Natural,40,350,0.5,175,32.4
581,Natural,Natural,40,350,0.5,175,32.4
582,Natural,Natural,40,350,0.5,175,32.4
583,Crushed,Natural,20,350,0.54,190,31.6
584,Crushed,Natural,20,350,0.54,190,31.6
585,Natural,Natural,40,340,0.5,170,32.4
586,Natural,Natural,40,350,0.5,175,27.5
587,Natural,Natural,40,350,0.5,175,27.5
588,Crushed,Natural,20,400,0.46,185,37.4
589,Natural,Natural,20,350,0.49,170,29.5
590,Natural,Natural,20,340,0.49,165,30.3
591,Natural,Natural,20,350,0.46,160,32.4
592,Natural,Natural,20,335,0.5,165,24.7
593,Natural,Natural,20,335,0.5,165,24.7
594,Crushed,Natural,20,350,0.53,185,33.5
595,Crushed,Natural,20,350,0.53,185,34.6
596,Crushed,Natural,20,345,0.55,190,33.9
597,Crushed,Natural,20,350,0.51,180,31.8
598,Crushed,Natural,20,350,0.51,180,31.8
599,Crushed,Natural,20,350,0.52,180,36.9
600,Crushed,Natural,20,350,0.52,180,36.9
601,Crushed,Natural,20,350,0.48,185,33.2
602,Crushed,Natural,20,350,0.53,185,33.2
603,Natural,Natural,40,300,0.53,160,28.3
604,Natural,Natural,40,300,0.53,160,28.3
605,Natural,Natural,20,350,0.5,175,32.5
606,Crushed,Natural,20,350,0.51,180,35.5
607,Crushed,Natural,20,350,0.51,180,35.5
608,Crushed,Natural,20,350,0.51,180,28.6
609,Crushed,Natural,20,350,0.51,180,28.6
610,Natural,Natural,40,375,0.45,170,40.2
611,Natural,Natural,40,375,0.45,170,45.8
612,Natural,Natural,20,340,0.49,165,32.6
613,Natural,Natural,40,340,0.49,165,34.2
614,Natural,Natural,40,340,0.49,165,28.4
615,Natural,Natural,40,340,0.49,165,28.4
616,Natural,Natural,20,340,0.5,170,32
617,Natural,Natural,40,350,0.5,175,18.3
618,Natural,Natural,40,350,0.5,175,18.3
619,Crushed,Natural,20,335,0.52,185,34.1
620,Crushed,Natural,20,335,0.52,185,34.1
621,Crushed,Natural,20,335,0.52,185,34.1
622,Natural,Natural,20,350,0.5,175,32.9
623,Crushed,Natural,20,350,0.54,190,23.1
624,Crushed,Natural,20,350,0.54,190,23.1
625,Natural,Natural,20,325,0.52,170,34.8
626,Natural,Natural,20,325,0.51,165,27
627,Natural,Natural,40,325,0.49,160,30.8
628,Natural,Natural,40,325,0.49,160,26
629,Natural,Natural,40,325,0.49,160,26
630,Natural,Natural,40,320,0.5,160,27.6
631,Natural,Natural,40,320,0.5,160,27.6
632,Crushed,Natural,20,350,0.47,165,33.9
633,Crushed,Natural,20,350,0.47,165,27.8
634,Natural,Natural,20,350,0.5,175,29.8
635,Crushed,Natural,20,350,0.47,165,27.8
636,Natural,Natural,20,340,0.49,165,30.3
637,Natural,Natural,20,350,0.47,165,33.1
638,Natural,Natural,20,350,0.49,170,35.9
639,Natural,Natural,40,350,0.47,165,28.3
640,Natural,Natural,20,330,0.48,160,30.8
641,Natural,Natural,20,360,0.51,185,31.8
642,Natural,Natural,40,340,0.47,160,28
643,Natural,Natural,40,340,0.47,169,28
644,Natural,Natural,40,350,0.47,165,36.7
645,Natural,Natural,40,350,0.51,165,30
646,Natural,Natural,40,350,0.51,165,30
647,Natural,Natural,40,350,0.51,153,30.8
648,Natural,Natural,40,350,0.44,153,37
649,Natural,Natural,40,350,0.44,153,37
650,Natural,Natural,40,350,0.44,153,30.8
651,Natural,Natural,20,330,0.5,165,33.1
652,Natural,Natural,20,340,0.5,170,31.4
653,Crushed,Natural,20,350,0.53,185,28.9
654,Crushed,Natural,20,350,0.53,185,28.9
655,Natural,Natural,20,310,0.51,160,27.3
656,Natural,Natural,20,350,0.49,170,33.9
657,Natural,Natural,20,350,0.47,165,31.2
658,Natural,Natural,20,325,0.49,160,27.6
659,Natural,Natural,40,325,0.49,160,31.5
660,Natural,Natural,40,325,0.49,160,23
661,Natural,Natural,40,325,0.49,160,23
662,Natural,Natural,40,325,0.49,160,31.5
663,Crushed,Natural,20,350,0.53,185,29.4
664,Crushed,Natural,20,350,0.53,185,32.3
665,Natural,Natural,20,250,0.5,175,30
666,Natural,Natural,20,350,0.51,165,31.4
667,Natural,Natural,20,350,0.49,170,32.2
668,Natural,Natural,20,350,0.46,160,32.4
669,Natural,Natural,40,350,0.51,180,25
670,Natural,Natural,40,220,0.5,165,31.4
671,Crushed,Natural,20,300,0.62,185,19
672,Natural,Natural,40,330,0.5,165,31.4
673,Natural,Natural,40,350,0.5,175,21.9
674,Natural,Natural,40,350,0.5,175,21.9
675,Natural,Natural,40,350,0.47,165,31.1
676,Natural,Natural,40,350,0.49,170,34.8
677,Natural,Natural,40,350,0.49,170,34.8
678,Natural,Natural,20,350,0.48,165,27.8
679,Natural,Natural,20,365,0.48,175,31.1
680,Natural,Natural,20,340,0.49,190,32.6
681,Natural,Natural,40,325,0.5,160,37.3
682,Natural,Natural,40,325,0.5,160,37.3
683,Crushed,Natural,20,350,0.55,185,23.5
684,Crushed,Natural,20,350,0.55,185,23.5
685,Natural,Natural,20,350,0.49,170,27.7
686,Natural,Natural,20,350,0.5,175,32.9
687,Natural,Natural,40,350,0.47,165,28.7
688,Natural,Natural,40,350,0.47,165,26.5
689,Natural,Natural,40,350,0.47,165,26.5
690,Natural,Natural,40,350,0.47,165,28.7
691,Natural,Natural,20,350,0.46,160,25.9
692,Natural,Natural,20,350,0.49,170,29.5
693,Natural,Natural,40,325,0.52,107,27.6
694,Natural,Natural,40,325,0.52,170,27.6
695,Natural,Natural,40,330,0.48,160,32
696,Natural,Natural,40,330,0.48,160,32
697,Natural,Natural,40,325,0.5,160,18.7
698,Natural,Natural,40,325,0.5,160,38.7
699,Natural,Natural,20,320,0.52,165,32.7
700,Natural,Natural,20,320,0.52,165,0
701,Natural,Natural,20,350,0.5,175,32.5
702,Natural,Natural,20,340,0.5,170,32
703,Natural,Natural,40,350,0.47,165,32.1
704,Natural,Natural,40,350,0.47,165,32.1
705,Natural,Natural,20,335,0.52,175,21.3
706,Natural,Natural,20,340,0.5,170,26.3
707,Natural,Natural,20,340,0.5,170,28.1
708,Natural,Natural,20,335,0.52,175,21.5
709,Natural,Natural,20,335,0.51,171,27.7
710,Natural,Natural,40,310,0.5,155,33
711,Natural,Natural,40,350,0.5,175,28.6
712,Natural,Natural,40,350,0.5,175,28.6
713,Crushed,Natural,40,350,0.5,175,30.9
714,Crushed,Natural,40,350,0.5,175,30.9
715,Crushed,Natural,40,350,0.5,175,30.2
716,Crushed,Natural,40,350,0.5,175,30.2
717,Natural,Natural,20,400,0.41,165,30.2
718,Natural,Natural,20,325,0.52,170,34.8
719,Natural,Natural,40,350,0.46,160,31.5
720,Natural,Natural,40,350,0.46,160,31.5
721,Natural,Natural,20,340,0.49,165,25.4
722,Crushed,Natural,20,350,0.53,185,28.5
723,Natural,Natural,40,330,0.5,165,30.6
724,Natural,Natural,40,330,0.5,165,30.6
726,Natural,Natural,20,325,0.52,170,34.8
727,Natural,Natural,20,325,0.52,170,34.8
728,Natural,Natural,20,330,0.5,165,33.1
729,Natural,Natural,20,350,0.49,170,35.9
730,Natural,Natural,20,350,0.5,175,30
731,Natural,Natural,20,250,0.5,175,30
732,Crushed,Natural,20,350,0.57,200,19
733,Crushed,Natural,20,370,0.5,185,37.8
734,Crushed,Natural,20,400,0.46,185,37.4
735,Crushed,Natural,20,350,0.53,185,34.3
736,Crushed,Natural,20,350,0.53,185,34.3
737,Natural,Natural,20,340,0.5,170,31.4
738,Natural,Natural,20,340,0.5,170,31.4
739,Natural,Natural,20,350,0.51,180,17.9
740,Natural,Natural,20,350,0.51,180,20.8
741,Natural,Natural,20,350,0.51,180,20.8
742,Natural,Natural,20,350,0.51,170,21.2
743,Natural,Natural,20,350,0.51,180,20.7
744,Crushed,Natural,20,350,0.54,190,20.5
745,Natural,Natural,20,350,0.54,190,20.5
746,Natural,Natural,20,350,0.51,180,21.1
747,Crushed,Natural,20,350,0.53,185,21.9
748,Natural,Natural,20,380,0.5,190,25
749,Crushed,Natural,20,350,0.54,190,24.8
750,Crushed,Natural,20,375,0.51,190,24.9
751,Crushed,Natural,20,350,0.51,180,21.8
752,Natural,Natural,20,350,0.51,180,27.1
753,Natural,Natural,20,375,0.51,190,23.7
754,Natural,Natural,20,360,0.49,175,26.3
755,Crushed,Natural,20,350,0.54,190,24.1
756,Crushed,Natural,20,350,0.49,185,23.4
757,Crushed,Natural,20,350,0.54,190,28.4
758,Crushed,Natural,20,365,0.53,195,25.1
759,Natural,Natural,20,350,0.5,175,28.6
760,Crushed,Natural,20,360,0.53,190,28.2
761,Natural,Natural,20,350,0.53,185,26.3
762,Natural,Natural,20,350,0.51,180,25.1
763,Crushed,Crushed,20,380,0.55,210,29.4
764,Crushed,Natural,20,350,0.56,195,26.3
765,Natural,Natural,20,350,0.53,185,26.9
766,Natural,Natural,20,350,0.54,190,24.2
767,Crushed,Natural,20,350,0.54,190,25.9
768,Crushed,Natural,20,350,0.54,190,26.8
769,Crushed,Natural,20,350,0.6,210,27.8
770,Crushed,Natural,20,350,0.54,190,25.8
771,Crushed,Natural,20,350,0.53,185,28.9
772,Crushed,Natural,20,350,0.54,190,29
773,Crushed,Natural,20,350,0.56,195,27.6
774,Natural,Natural,20,350,0.51,180,30.4
775,Natural,Natural,20,350,0.5,175,26.8
776,Crushed,Natural,20,350,0.54,190,25.4
777,Crushed,Crushed,20,380,0.55,210,29.4
778,Crushed,Natural,20,365,0.53,210,26.5
779,Crushed,Natural,20,350,0.54,190,31.1
780,Crushed,Natural,20,350,0.6,210,28.3
781,Crushed,Natural,20,375,0.55,205,29.1
782,Crushed,Natural,20,350,0.54,190,27.1
783,Crushed,Natural,20,350,0.54,190,34.6
784,Crushed,Natural,20,370,0.55,205,33.5
785,Crushed,Natural,20,350,0.5,175,32.8
786,Crushed,Natural,20,350,0.5,175,32.7
787,Crushed,Natural,20,350,0.54,190,32.5
788,Crushed,Natural,20,350,0.5,175,32.7
789,Crushed,Natural,20,350,0.5,175,32.7
790,Crushed,Natural,20,380,0.5,190,31.5
791,Crushed,Natural,20,350,0.54,190,27.1
792,Crushed,Natural,20,350,0.53,185,28.9
793,Natural,Natural,20,350,0.51,170,21.2
794,Crushed,Natural,20,350,0.53,185,21.9
795,Natural,Natural,20,350,0.51,180,17.9
796,Crushed,Natural,20,350,0.51,180,21.8
797,Natural,Natural,20,350,0.51,180,20.7
798,Crushed,Natural,20,350,0.5,170,18.2
799,Crushed,Natural,20,350,0.54,170,18.2
800,Natural,Natural,20,350,0.51,180,20.8
801,Natural,Natural,20,350,0.51,180,12
802,Natural,Natural,20,350,0.51,180,21.1
803,Crushed,Natural,20,350,0.54,190,20.5
804,Crushed,Natural,20,350,0.54,190,32.4
805,Crushed,Natural,20,350,0.54,190,25.4
806,Crushed,Natural,20,350,0.54,190,24.1
807,Crushed,Natural,20,350,0.54,190,25.9
808,Natural,Natural,20,350,0.54,190,24.2
809,Crushed,Natural,20,350,0.54,190,26.8
810,Crushed,Natural,20,350,0.54,190,31.1
811,Crushed,Natural,20,350,0.54,190,29
812,Crushed,Natural,20,360,0.53,190,28.2
813,Crushed,Natural,20,350,0.53,184,29.1
814,Crushed,Natural,20,350,0.5,185,30.8
815,Crushed,Natural,20,350,0.54,290,28.4
816,Crushed,Natural,20,350,0.53,185,32.8
817,Crushed,Natural,20,350,0.54,190,34.6
818,Crushed,Natural,20,350,0.5,180,33.1
819,Crushed,Natural,20,365,0.53,195,25.1
820,Crushed,Natural,20,350,0.54,190,25.8
821,Crushed,Natural,20,350,0.53,185,32.4
822,Crushed,Natural,20,350,0.56,195,27.6
823,Crushed,Natural,20,375,0.51,190,24.9
824,Crushed,Natural,20,365,0.47,170,32.8
825,Crushed,Natural,20,365,0.53,195,30.2
826,Crushed,Natural,20,365,0.53,195,31.3
827,Crushed,Natural,20,350,0.54,190,25.8
828,Crushed,Natural,20,350,0.56,195,26.3
829,Crushed,Natural,20,365,0.53,210,26.5
830,Crushed,Natural,20,350,0.5,175,32.8
831,Natural,Natural,20,375,0.51,190,23.7
832,Crushed,Natural,20,350,0.6,210,28.3
833,Crushed,Natural,20,350,0.6,210,27.8
834,Crushed,Natural,20,370,0.55,205,33.5
835,Crushed,Natural,20,375,0.55,205,29.1
836,Crushed,Natural,20,350,0.54,190,24.8
837,Natural,Natural,20,360,0.5,180,26.5
838,Natural,Natural,20,350,0.49,170,32.6
839,Natural,Natural,20,360,0.51,185,31.3
840,Natural,Natural,20,350,0.49,170,33.9
841,Natural,Natural,20,350,0.5,175,26.8
842,Natural,Natural,20,350,0.51,180,25.7
843,Natural,Natural,20,350,0.53,185,26.9
844,Natural,Natural,20,350,0.5,175,26.8
845,Natural,Natural,20,350,0.49,170,32.6
846,Natural,Natural,20,350,0.51,180,30.4
847,Natural,Natural,20,350,0.53,185,26.3
848,Natural,Natural,20,350,0.51,180,26.4
849,Natural,Natural,20,350,0.51,180,28.6
850,Natural,Natural,20,360,0.5,180,24.8
851,Natural,Natural,20,380,0.5,190,25
852,Natural,Natural,20,350,0.51,180,25.1
853,Natural,Natural,20,350,0.51,180,27.1
854,Natural,Natural,20,350,0.5,175,27.6
855,Natural,Natural,20,360,0.5,180,26.5
856,Natural,Natural,20,360,0.51,185,31.3
857,Crushed,Natural,20,350,0.54,190,30.9
858,Natural,Natural,20,330,0.48,160,30.8
859,Natural,Natural,20,330,0.48,160,30.8
860,Natural,Natural,20,350,0.47,165,33.1
861,Natural,Natural,20,350,0.47,165,33.1
862,Crushed,Natural,20,400,0.45,180,36.3
863,Crushed,Natural,20,400,0.45,180,36.3
864,Crushed,Natural,20,400,0.45,180,36.3
865,Natural,Natural,20,350,0.46,160,25.9
866,Natural,Natural,20,350,0.46,160,25.9
867,Natural,Natural,20,325,0.49,160,27.6
868,Crushed,Natural,20,350,0.54,190,31
869,Crushed,Natural,20,350,0.54,190,31
870,Crushed,Natural,20,350,0.54,190,33.3
871,Crushed,Natural,20,350,0.54,190,33.3
872,Crushed,Natural,20,350,0.54,190,31.6
873,Crushed,Natural,20,350,0.54,190,31.6
874,Crushed,Natural,20,340,0.56,190,31.8
875,Crushed,Natural,20,340,0.56,190,31.8
876,Natural,Natural,20,340,0.5,170,26.3
877,Natural,Natural,20,340,0.5,170,26.3
878,Natural,Natural,20,340,0.5,170,28.1
879,Natural,Natural,20,340,0.5,170,28.1
880,Natural,Natural,20,340,0.49,165,30.3
881,Crushed,Natural,20,335,0.52,185,34.1
882,Crushed,Natural,20,335,0.52,185,34.1
883,Natural,Natural,20,350,0.5,175,32.5
884,Natural,Natural,20,350,0.5,175,32.5
885,Natural,Natural,20,350,0.5,175,32.9
886,Natural,Natural,20,350,0.5,175,32.9
887,Crushed,Natural,20,380,0.5,190,29.1
888,Crushed,Natural,20,380,0.5,290,29.1
889,Crushed,Natural,20,380,0.5,190,29.1
890,Crushed,Natural,20,350,0.54,190,26.7
891,Crushed,Natural,20,350,0.4,190,30.5
892,Natural,Natural,20,310,0.51,160,27.3
893,Natural,Natural,20,310,0.51,160,27.3
894,Crushed,Natural,20,330,0.5,205,33.2
895,Crushed,Natural,20,330,0.5,165,33.2
896,Natural,Natural,20,340,0.49,165,30.3
897,Natural,Natural,20,325,0.51,165,27
898,Natural,Natural,20,325,0.51,165,27
899,Natural,Natural,20,340,0.49,165,25.4
900,Natural,Natural,20,400,0.41,165,30.2
901,Crushed,Natural,20,350,0.53,185,35.2
902,Crushed,Natural,20,340,0.53,180,36.5
903,Crushed,Natural,20,340,0.53,180,36.5
904,Natural,Natural,20,335,0.5,165,24.7
905,Natural,Natural,20,335,0.5,165,24.7
906,Natural,Natural,20,350,0.49,170,27.3
907,Crushed,Natural,20,350,0.51,180,28.6
908,Crushed,Natural,20,350,0.51,180,28.6
909,Natural,Natural,20,350,0.5,175,29.8
910,Natural,Natural,20,350,0.5,175,29.8
911,Crushed,Natural,20,350,0.47,165,33.9
912,Crushed,Natural,20,350,0.47,165,27.8
913,Crushed,Natural,20,350,0.47,165,27.8
914,Crushed,Natural,20,350,0.53,185,33.2
915,Natural,Natural,20,350,0.49,170,29.5
916,Natural,Natural,20,350,0.49,170,29.5
917,Natural,Natural,20,350,0.49,170,33.9
918,Crushed,Natural,20,350,0.48,185,33.2
919,Natural,Natural,20,350,0.48,165,27.8
920,Natural,Natural,20,350,0.48,165,27.8
921,Crushed,Natural,20,345,0.55,190,33.9
922,Crushed,Natural,20,345,0.55,190,33.9
923,Natural,Natural,20,350,0.5,175,27.6
924,Natural,Natural,20,360,0.51,185,31.8
925,Natural,Natural,20,350,0.49,170,27.7
926,Natural,Natural,20,350,0.49,170,27.7
927,Crushed,Natural,20,350,0.53,185,28.5
928,Natural,Natural,20,350,0.46,160,32.4
929,Crushed,Natural,20,350,0.53,185,28.5
930,Natural,Natural,20,350,0.46,160,32.4
931,Crushed,Natural,20,350,0.53,185,35.2
932,Natural,Natural,20,350,0.47,165,31.2
933,Crushed,Natural,20,400,0.45,180,33.9
934,Natural,Natural,20,350,0.47,165,31.2
935,Natural,Natural,20,335,0.51,171,27.7
936,Natural,Natural,20,350,0.49,170,32.2
937,Natural,Natural,20,340,0.5,170,32
938,Natural,Natural,20,340,0.5,170,32
939,Natural,Natural,20,320,0.52,165,32.7
940,Natural,Natural,20,320,0.52,165,0
941,Natural,Natural,20,320,0.52,165,32.6
942,Crushed,Natural,20,350,0.53,185,32.7
943,Crushed,Natural,20,350,0.5,180,33.1
944,Natural,Natural,20,335,0.51,171,27.7
945,Natural,Natural,20,335,0.52,175,21.5
946,Crushed,Natural,20,350,0.51,180,35.5
947,Crushed,Natural,20,350,0.51,180,35.5
948,Natural,Natural,20,325,0.51,165,31.4
949,Natural,Natural,20,350,0.51,165,31.4
950,Natural,Natural,20,335,0.52,175,21.3
951,Crushed,Natural,20,300,0.62,185,19
952,Crushed,Natural,20,350,0.54,190,23.1
953,Crushed,Natural,20,350,0.54,190,23.1
954,Crushed,Natural,20,350,0.53,185,28.9
955,Crushed,Natural,20,350,0.53,185,28.9
956,Crushed,Natural,20,350,0.51,180,31.8
957,Crushed,Natural,20,350,0.51,180,31.8
958,Crushed,Natural,20,350,0.53,185,33.5
959,Crushed,Natural,20,350,0.53,185,34.6
960,Crushed,Natural,20,350,0.55,185,23.5
961,Crushed,Natural,20,350,0.53,185,29.4
962,Crushed,Natural,20,350,0.55,185,23.5
963,Crushed,Natural,20,350,0.53,185,32.3
964,Natural,Natural,20,365,0.48,175,31.1
965,Crushed,Natural,20,350,0.52,180,36.9
966,Natural,Natural,20,365,0.48,175,31.1
967,Crushed,Natural,20,350,0.52,180,36.9
968,Natural,Natural,20,340,0.49,165,32.6
969,Natural,Natural,20,340,0.49,190,32.6
970,Crushed,Natural,20,365,0.47,170,39.8
971,Crushed,Natural,20,365,0.47,170,32.8
972,Crushed,Natural,20,365,0.47,170,39.2
974,Crushed,Natural,20,375,0.48,180,37.6
975,Crushed,Natural,40,375,0.48,180,25.1
976,Crushed,Natural,40,385,0.47,180,39.2
977,Crushed,Natural,20,365,0.51,185,30.7
978,Crushed,Natural,20,365,0.51,185,27
979,Crushed,Natural,20,375,0.51,190,35.9
980,Crushed,Natural,20,375,0.51,190,35.9
981,Crushed,Natural,20,375,0.51,190,35.9
982,Crushed,Natural,20,375,0.51,190,20.4
983,Crushed,Natural,20,375,0.51,190,45.9
984,Crushed,Natural,20,375,0.49,185,30.5
985,Crushed,Natural,20,375,0.49,185,26.8
986,Crushed,Natural,20,375,0.49,185,26.8
987,Crushed,Natural,20,375,0.51,190,24.6
988,Crushed,Natural,20,375,0.45,170,34.7
989,Crushed,Natural,20,350,0.46,160,34.1
990,Crushed,Natural,20,350,0.46,160,34.1
991,Crushed,Natural,20,375,0.48,180,34.2
992,Crushed,Natural,20,375,0.48,180,33.6
993,Crushed,Natural,20,375,0.48,180,23.4
994,Crushed,Natural,20,375,0.48,180,23.4
995,Crushed,Natural,40,375,0.48,180,34.2
996,Crushed,Natural,20,375,0.47,175,24.1
997,Crushed,Natural,20,375,0.48,165,29.4
998,Crushed,Natural,20,375,0.48,165,29.4
999,Crushed,Natural,40,375,0.48,165,23.3
1000,Crushed,Natural,40,375,0.48,165,23.3
1001,Crushed,Natural,40,375,0.47,175,40
1002,Crushed,Natural,40,375,0.47,175,40
1003,Crushed,Natural,0,375,0.48,180,30.1
1004,Crushed,Natural,0,375,0.48,180,30.1
1005,Crushed,Natural,40,365,0.47,170,23.3
1006,Crushed,Natural,40,365,0.47,170,23.3
1007,Crushed,Natural,20,365,0.44,160,33
1008,Crushed,Natural,20,375,0.45,170,36.1
1009,Crushed,Natural,20,375,0.51,190,24.2
1010,Crushed,Natural,20,375,0.51,190,21.4
1011,Crushed,Natural,20,375,0.51,190,24.2
1012,Crushed,Natural,20,375,0.45,170,36.1
1013,Crushed,Natural,40,375,0.48,180,27.7
1014,Crushed,Natural,40,375,0.48,180,27.7
1015,Crushed,Natural,20,375,0.47,175,24.5
1016,Crushed,Natural,20,365,0.47,170,34.8
1017,Crushed,Natural,20,365,0.47,170,34.8
1018,Crushed,Natural,20,365,0.52,190,35.2
1019,Crushed,Natural,20,375,0.48,180,37.6
1020,Crushed,Natural,20,365,0.52,190,35.2
1021,Crushed,Natural,20,365,0.45,165,32.1
1022,Crushed,Natural,20,375,0.47,190,34.2
1023,Crushed,Natural,20,365,0.45,165,32.1
1024,Crushed,Natural,40,350,0.46,160,32.4
1025,Crushed,Natural,40,375,0.48,175,28.5
1026,Crushed,Natural,40,375,0.48,175,28.5
1027,Crushed,Natural,40,350,0.46,160,32.4
1028,Crushed,Natural,20,365,0.52,185,36.8
1029,Crushed,Natural,20,365,0.52,185,36.8
1030,Crushed,Natural,20,375,0.53,200,24.5
1031,Crushed,Natural,40,375,0.48,180,20.3
1032,Crushed,Natural,40,375,0.48,180,20.3
1033,Crushed,Natural,40,360,0.45,165,39.9
1034,Crushed,Natural,40,360,0.45,165,39.3
1035,Crushed,Natural,40,375,0.45,170,23.1
1036,Crushed,Natural,40,375,0.45,170,23.1
1037,Crushed,Natural,40,375,0.45,170,28.4
1038,Crushed,Natural,40,375,0.45,170,28.4
1039,Crushed,Natural,40,380,0.44,165,38.1
1040,Crushed,Natural,40,380,0.44,165,38.1
1041,Crushed,Natural,40,350,0.48,168,37.9
1042,Crushed,Natural,20,400,0.48,190,39.2
1043,Crushed,Natural,20,400,0.48,190,39.2
1044,Crushed,Natural,40,375,0.45,170,35.2
1045,Crushed,Natural,40,375,0.45,170,35.2
1046,Crushed,Natural,40,375,0.45,170,31.9
1047,Crushed,Natural,40,375,0.48,180,28.6
1048,Crushed,Natural,40,375,0.48,180,28.6
1049,Crushed,Natural,40,375,0.48,180,28.6
1050,Crushed,Natural,40,375,0.51,190,22.3
1051,Crushed,Natural,40,375,0.51,190,22.3
1052,Crushed,Natural,20,400,0.45,180,39.5
1053,Crushed,Natural,20,400,0.45,180,39.5
1054,Crushed,Natural,20,400,0.45,180,39.5
1055,Crushed,Natural,20,400,0.45,180,39.5
1056,Crushed,Natural,20,375,0.46,172,34.6
1057,Crushed,Natural,40,375,0.46,172,34.6
1058,Crushed,Natural,40,400,0.5,200,30.4
1059,Crushed,Natural,40,400,0.5,200,30.4
1060,Crushed,Natural,20,400,0.51,205,37.8
1061,Crushed,Natural,20,400,0.51,205,37.8
1062,Crushed,Natural,20,400,0.51,205,36.8
1063,Crushed,Natural,20,400,0.51,205,36.8
1064,Crushed,Natural,20,375,0.46,172,34.6
1065,Crushed,Natural,40,365,0.45,165,32.5
1066,Crushed,Natural,40,375,0.51,190,33.4
1067,Crushed,Natural,40,375,0.51,190,33.4
1068,Crushed,Natural,40,375,0.47,175,27.5
1069,Crushed,Natural,40,375,0.47,175,27.5
1070,Crushed,Natural,40,385,0.48,185,24.3
1071,Crushed,Natural,40,385,0.48,185,24.3
1072,Crushed,Natural,40,375,0.41,155,0
1073,Crushed,Natural,40,375,0.41,155,31.2
1074,Crushed,Natural,40,375,0.41,155,31.2
1075,Crushed,Natural,20,375,0.5,185,39.2
1076,Crushed,Natural,20,375,0.5,185,33.5
1077,Crushed,Natural,20,370,0.46,170,38.2
1078,Crushed,Natural,20,370,0.46,170,35.7
1079,Crushed,Natural,20,365,0.48,175,31.3
1080,Crushed,Natural,20,365,0.48,175,31.3
1081,Crushed,Natural,20,375,0.45,170,38.6
1082,Crushed,Natural,20,375,0.45,170,38.6
1083,Crushed,Natural,20,365,0.52,190,31.1
1084,Crushed,Natural,20,365,0.52,190,31.1
1085,Crushed,Natural,20,370,0.5,185,35
1086,Crushed,Natural,20,370,0.5,185,35
1087,Crushed,Natural,40,360,0.46,165,27.4
1088,Crushed,Natural,40,360,0.46,165,27.4
1089,Crushed,Natural,20,410,0.44,180,42.6
1090,Crushed,Natural,20,410,0.44,180,42.6
1091,Crushed,Natural,20,375,0.49,185,28.1
1092,Crushed,Natural,20,375,0.49,185,28.1
1093,Crushed,Natural,20,370,0.46,170,35.3
1094,Crushed,Natural,20,370,0.46,170,35.3
1095,Crushed,Natural,20,375,0.51,190,25.6
1096,Crushed,Natural,20,375,0.51,190,25.6
1097,Crushed,Natural,20,375,0.52,195,41
1098,Crushed,Natural,20,380,0.5,190,37.9
1099,Crushed,Natural,20,380,0.5,190,29
1100,Crushed,Natural,20,410,0.51,210,31.6
1101,Crushed,Natural,20,410,0.51,210,31.6
1102,Crushed,Natural,20,410,0.51,210,31.6
1103,Crushed,Natural,20,400,0.46,185,25.5
1104,Crushed,Natural,20,360,0.46,165,32.2
1105,Crushed,Natural,20,400,0.44,175,25.9
1106,Crushed,Natural,20,400,0.44,175,25.9
1107,Crushed,Natural,20,365,0.44,160,33
1108,Crushed,Natural,20,360,0.46,165,32.2
1109,Crushed,Natural,20,360,0.46,165,34.1
1110,Crushed,Natural,20,375,0.49,185,45.9
1111,Crushed,Natural,20,375,0.49,185,45.9
1112,Crushed,Natural,20,360,0.5,180,42.3
1113,Crushed,Natural,20,360,0.5,180,42.3
1114,Crushed,Natural,20,375,0.48,175,27
1115,Crushed,Natural,20,375,0.48,175,27
1116,Crushed,Natural,20,375,0.48,190,30.7
1117,Crushed,Natural,20,375,0.48,190,30.7
1118,Crushed,Natural,40,365,0.45,165,30.2
1119,Crushed,Natural,40,365,0.45,165,30.2
1120,Crushed,Natural,40,350,0.48,168,38
1121,Crushed,Natural,40,350,0.48,168,38
1122,Crushed,Natural,40,375,0.51,190,36.2
1123,Crushed,Natural,40,375,0.48,180,27.4
1124,Crushed,Natural,40,375,0.48,180,31.8
1125,Crushed,Natural,40,375,0.48,180,27.4
1126,Crushed,Natural,40,370,0.46,170,30
1127,Crushed,Natural,40,370,0.46,170,30
1128,Crushed,Natural,40,400,0.48,190,33.3
1129,Crushed,Natural,40,360,0.44,160,37.3
1130,Crushed,Natural,40,360,0.44,160,37.3
1131,Crushed,Natural,40,385,0.47,180,27.7
1132,Crushed,Natural,40,385,0.47,180,27.7
1133,Crushed,Natural,20,400,0.45,180,33.1
1134,Crushed,Natural,20,400,0.45,180,33.1
1135,Crushed,Natural,20,365,0.45,165,33.8
1136,Crushed,Natural,40,375,0.44,165,36.7
1137,Crushed,Natural,40,375,0.44,165,36.7
1138,Crushed,Natural,20,360,0.46,165,33.5
1139,Crushed,Natural,20,360,0.46,165,33.5
1140,Crushed,Natural,40,400,0.46,180,33
1141,Crushed,Natural,40,365,0.45,165,36.2
1142,Crushed,Natural,40,365,0.45,165,35.8
1143,Crushed,Natural,40,365,0.45,165,33
1144,Crushed,Natural,20,375,0.48,180,33.2
1145,Crushed,Natural,20,375,0.48,180,33.2
1146,Crushed,Natural,20,375,0.48,180,32.2
1147,Crushed,Natural,20,375,0.48,180,32.2
1148,Crushed,Natural,20,400,0.54,215,26.3
1149,Crushed,Natural,20,400,0.54,215,26.3
1150,Crushed,Natural,20,410,0.46,190,36.9
1151,Crushed,Natural,20,380,0.46,175,28.8
1152,Crushed,Natural,20,360,0.46,165,36.8
1153,Crushed,Natural,20,375,0.47,175,26.8
1154,Crushed,Natural,20,375,0.47,175,34
1155,Crushed,Natural,20,375,0.51,190,28.1
1156,Crushed,Natural,20,375,0.51,190,28.1
1157,Crushed,Natural,40,370,0.46,170,29.6
1158,Crushed,Natural,40,370,0.46,170,29.6
1159,Crushed,Natural,40,375,0.48,180,29.1
1160,Crushed,Natural,40,375,0.48,180,29.1
1161,Crushed,Natural,40,350,0.46,160,34.9
1162,Crushed,Natural,40,350,0.46,160,34.9
1163,Crushed,Natural,20,400,0.45,180,33.9
1164,Crushed,Natural,20,340,0.47,160,37.3
1165,Crushed,Natural,20,340,0.47,160,37.3
1166,Crushed,Natural,20,340,0.47,160,25.9
1167,Crushed,Natural,20,340,0.47,160,25.9
1168,Crushed,Natural,20,375,0.51,190,38.1
1169,Crushed,Natural,20,375,0.51,190,38.1
1170,Crushed,Natural,20,375,0.43,160,34.9
1171,Crushed,Natural,20,375,0.43,160,34.9
1172,Crushed,Natural,20,375,0.43,160,34.9
1173,Crushed,Natural,40,375,0.47,180,36.1
1174,Crushed,Natural,20,375,0.51,190,22.2
1175,Crushed,Natural,20,375,0.51,190,22.2
1176,Crushed,Natural,20,375,0.51,190,34.9
1177,Crushed,Natural,20,375,0.51,190,34.9
1178,Crushed,Natural,40,375,0.48,180,20.8
1179,Crushed,Natural,40,375,0.48,180,20.8
1180,Crushed,Natural,40,400,0.5,200,29.2
1181,Crushed,Natural,40,400,0.5,200,29.2
1182,Crushed,Natural,20,375,0.48,180,29.8
1183,Crushed,Natural,20,375,0.48,180,29.8
1184,Crushed,Natural,20,375,0.51,190,36.3
1185,Crushed,Natural,20,375,0.51,190,36.3
1186,Crushed,Natural,40,375,0.46,165,29
1187,Crushed,Natural,40,375,0.44,165,27.7
1188,Crushed,Natural,40,375,0.46,165,29
1189,Crushed,Natural,40,375,0.44,165,27.7
1190,Crushed,Natural,20,370,0.52,190,25.9
1191,Crushed,Natural,20,370,0.52,190,25.9
1192,Crushed,Natural,20,375,0.48,180,21.9
1193,Crushed,Natural,20,375,0.48,180,21.9
1194,Crushed,Natural,40,375,0.48,180,21.9
1195,Crushed,Natural,20,375,0.48,180,37.2
1196,Crushed,Natural,40,350,0.46,160,32.4
1197,Crushed,Natural,40,350,0.46,160,32.4
1198,Crushed,Natural,20,375,0.48,180,37.2
1199,Crushed,Natural,20,375,0.48,180,33.6
1200,Crushed,Natural,20,385,0.51,195,32.8
1201,Crushed,Natural,20,385,0.51,195,24.8
1202,Crushed,Natural,20,385,0.51,195,32.8
1203,Crushed,Natural,20,390,0.51,215,30.7
1204,Crushed,Natural,20,390,0.51,215,30.7
1205,Crushed,Natural,20,360,0.49,185,37
1206,Crushed,Natural,20,360,0.49,185,37
1207,Crushed,Natural,40,365,0.44,160,35.2
1208,Crushed,Natural,0,365,0.44,160,35.2
1209,Crushed,Natural,40,350,0.46,160,27
1210,Crushed,Natural,20,400,0.42,160,35.7
1211,Crushed,Natural,20,380,0.42,160,36.6
1212,Crushed,Natural,20,375,0.44,165,32.4
1213,Crushed,Natural,20,375,0.44,165,34.1
1214,Crushed,Natural,40,375,0.45,170,31
1215,Crushed,Natural,40,375,0.45,170,35.2
1216,Crushed,Natural,40,375,0.45,170,35.2
1217,Crushed,Natural,40,375,0.45,170,31
1218,Crushed,Natural,40,350,0.46,160,38.9
1219,Crushed,Natural,40,350,0.46,160,38.9
1220,Crushed,Natural,40,340,0.47,160,31.5
1221,Crushed,Natural,40,340,0.47,160,31.5
1222,Crushed,Natural,20,380,0.45,180,27.7
1223,Crushed,Natural,20,375,0.48,180,33.5
1224,Crushed,Natural,20,380,0.47,180,0
1225,Crushed,Natural,20,375,0.51,190,34.1
1226,Crushed,Natural,20,375,0.51,190,24.5
1227,Crushed,Natural,20,380,0.45,180,34.4
1228,Crushed,Natural,20,380,0.45,180,0
1229,Crushed,Natural,20,375,0.48,180,33.5
1230,Crushed,Natural,20,360,0.47,170,37.8
1231,Crushed,Natural,20,360,0.47,170,37.8
1232,Crushed,Natural,20,350,0.46,160,28.1
1233,Crushed,Natural,20,350,0.46,160,31.4
1234,Crushed,Natural,20,400,0.45,180,35.7
1235,Crushed,Natural,20,400,0.45,180,35.7
1236,Crushed,Natural,20,375,0.49,185,28.3
1237,Crushed,Natural,20,375,0.49,185,28.3
1238,Crushed,Natural,20,375,0.49,185,28.3
1239,Crushed,Natural,20,375,0.49,185,28.3
1240,Crushed,Natural,20,365,0.47,170,33.2
1241,Crushed,Natural,20,365,0.47,170,33.2
1242,Crushed,Natural,40,375,0.49,185,33.3
1243,Crushed,Natural,40,375,0.49,185,33.3
1244,Crushed,Natural,40,360,0.47,170,41.8
1245,Crushed,Natural,40,360,0.47,170,41.8
1246,Crushed,Natural,40,370,0.46,170,24.4
1247,Crushed,Natural,20,365,0.51,185,28.9
1248,Crushed,Natural,20,365,0.51,185,28.9
1249,Crushed,Natural,20,350,0.48,180,32.8
1250,Crushed,Natural,20,350,0.48,180,32.8
1251,Crushed,Natural,40,365,0.44,160,38.4
1252,Crushed,Natural,40,365,0.44,160,38.4
1253,Crushed,Natural,40,350,0.48,168,37.9
1254,Crushed,Natural,20,375,0.51,190,20.7
1255,Crushed,Natural,20,375,0.51,190,20.7
1256,Crushed,Natural,20,365,0.46,170,32.9
1257,Crushed,Natural,20,365,0.47,170,32.9
1258,Crushed,Natural,40,375,0.49,185,35.7
1259,Crushed,Natural,40,375,0.45,190,36.9
1260,Crushed,Natural,40,375,0.45,190,33.7
1261,Crushed,Natural,20,400,0.45,180,34.5
1262,Crushed,Natural,20,400,0.45,180,30.3
1263,Crushed,Natural,20,400,0.45,180,30.3
1264,Crushed,Natural,40,375,0.48,180,28
1265,Crushed,Natural,20,370,0.51,190,37.6
1266,Crushed,Natural,20,370,0.51,190,37.6
1267,Crushed,Natural,20,370,0.51,185,38.5
1268,Crushed,Natural,20,365,0.49,180,39.8
1269,Crushed,Natural,20,365,0.49,180,39.8
1270,Crushed,Natural,40,375,0.44,165,32.2
1271,Crushed,Natural,40,375,0.44,165,32.2
1272,Crushed,Natural,20,315,0.49,165,32.7
1273,Crushed,Natural,20,400,0.44,175,0
1274,Crushed,Natural,20,400,0.44,175,31.4
1275,Crushed,Natural,20,400,0.44,175,31.4
1276,Crushed,Natural,20,375,0.6,225,21
1277,Crushed,Natural,20,375,0.6,225,21
1278,Crushed,Natural,20,385,0.47,180,29.4
1279,Crushed,Natural,40,385,0.47,180,29.4
1280,Crushed,Natural,40,375,0.45,170,35.3
1281,Crushed,Natural,40,375,0.45,170,35.3
1282,Crushed,Natural,40,375,0.48,180,26.3
1283,Crushed,Natural,40,375,0.48,180,26.3
1284,Crushed,Natural,20,375,0.51,190,29.1
1285,Crushed,Natural,20,375,0.51,190,29.1
1286,Crushed,Natural,20,365,0.51,185,36.8
1287,Crushed,Natural,20,365,0.51,185,36.8
1288,Crushed,Natural,20,350,0.47,165,31.1
1289,Crushed,Natural,20,350,0.47,165,31.3
1290,Crushed,Natural,20,375,0.49,185,24.7
1291,Crushed,Natural,20,375,0.49,185,24.7
1292,Crushed,Natural,20,385,0.47,180,39.2
1293,Crushed,Natural,40,350,0.48,168,39.1
1294,Crushed,Natural,40,350,0.48,168,39.1
1295,Crushed,Natural,20,375,0.49,185,27.4
1296,Crushed,Natural,40,375,0.49,185,27.4
1297,Crushed,Natural,40,375,0.47,175,24.8
1298,Crushed,Natural,20,375,0.51,190,31.9
1299,Crushed,Natural,20,375,0.51,190,31.9
1300,Crushed,Natural,40,375,0.47,175,26.9
1301,Crushed,Natural,40,375,0.47,175,26.9
1302,Crushed,Natural,20,375,0.51,190,24.6
1303,Crushed,Natural,20,375,0.44,190,32
1304,Crushed,Natural,20,375,0.44,190,32
1305,Crushed,Natural,40,365,0.47,170,36.4
1306,Crushed,Natural,40,365,0.47,170,36.4
1307,Crushed,Natural,20,365,0.45,165,37.4
1308,Crushed,Natural,20,365,0.45,165,37.4
1309,Crushed,Natural,40,400,0.45,180,39.4
1310,Crushed,Natural,40,400,0.45,180,39.4
1311,Crushed,Natural,20,375,0.49,185,38.3
1312,Crushed,Natural,40,375,0.47,175,31.1
1313,Crushed,Natural,20,375,0.49,185,38.3
1314,Crushed,Natural,20,360,0.5,180,34.7
1315,Crushed,Natural,20,360,0.5,180,31.1
1316,Crushed,Natural,20,360,0.5,180,34.7
1317,Crushed,Natural,20,360,0.5,180,31.1
1318,Crushed,Natural,20,365,0.52,190,29.6
1319,Crushed,Natural,20,365,0.52,190,29.6
1320,Crushed,Natural,20,400,0.47,190,0
1321,Crushed,Natural,20,400,0.47,190,38.2
1322,Crushed,Natural,20,400,0.47,190,38.2
1323,Crushed,Natural,20,400,0.47,190,38.2
1324,Crushed,Natural,20,400,0.4,160,30.2
1325,Crushed,Natural,20,400,0.4,160,30.2
1326,Crushed,Natural,20,365,0.49,180,35.9
1327,Crushed,Natural,20,365,0.49,180,35.9
1328,Crushed,Natural,40,365,0.47,165,34.6
1329,Crushed,Natural,40,350,0.47,165,34.6
1330,Crushed,Natural,40,375,0.48,180,32.5
1331,Crushed,Natural,40,375,0.48,180,32.8
1332,Crushed,Natural,20,385,0.47,180,25.9
1333,Crushed,Natural,20,385,0.47,180,25.9
1334,Crushed,Natural,40,365,0.48,175,29.1
1335,Crushed,Natural,40,360,0.44,160,30.6
1336,Crushed,Natural,40,360,0.44,160,30.6
1337,Crushed,Natural,40,375,0.48,180,27.5
1338,Crushed,Natural,20,375,0.48,190,30.2
1339,Crushed,Natural,20,375,0.51,190,41.9
1340,Crushed,Natural,20,375,0.51,190,41.9
1341,Crushed,Natural,40,375,0.48,180,27.5
1342,Crushed,Natural,20,365,0.52,190,37.9
1343,Crushed,Natural,20,365,0.52,190,37.9
1344,Crushed,Natural,40,375,0.48,180,30.3
1345,Crushed,Natural,40,375,0.48,180,30.3
1346,Crushed,Natural,20,365,0.52,190,37.9
1347,Crushed,Natural,20,375,0.51,190,26.9
1348,Crushed,Natural,20,365,0.44,160,27.7
1349,Crushed,Natural,20,365,0.44,160,27.7
1350,Crushed,Natural,20,375,0.48,185,44.2
1351,Crushed,Natural,20,375,0.48,185,44.2
1352,Crushed,Natural,20,360,0.46,170,41.2
1353,Crushed,Natural,20,360,0.46,170,41.2
1354,Crushed,Natural,20,375,0.49,185,24.8
1355,Crushed,Natural,20,375,0.49,185,24.8
1356,Crushed,Natural,40,375,0.48,180,27.8
1357,Crushed,Natural,40,375,0.48,180,27.8
1358,Crushed,Natural,20,375,0.49,185,36.3
1359,Crushed,Natural,20,375,0.49,185,33.4
1360,Crushed,Natural,20,375,0.49,185,36.3
1361,Crushed,Natural,40,375,0.48,180,27.5
1362,Crushed,Natural,20,360,0.51,185,33.9
1363,Crushed,Natural,40,375,0.43,160,29.2
1364,Crushed,Natural,40,375,0.43,160,28.8
1365,Crushed,Natural,40,375,0.43,160,29.2
1366,Crushed,Natural,40,375,0.43,160,28.8
1367,Crushed,Natural,40,360,0.46,165,25.8
1368,Crushed,Natural,20,375,0.51,190,24.6
1369,Crushed,Natural,20,350,0.46,160,33.6
1370,Crushed,Natural,20,375,0.49,185,32
1371,Crushed,Natural,20,375,0.49,185,32
1372,Crushed,Natural,20,375,0.49,185,33.1
1373,Crushed,Natural,20,375,0.49,185,33.1
1374,Crushed,Natural,40,350,0.48,168,34.1
1375,Crushed,Natural,40,350,0.48,168,34.1
1376,Crushed,Natural,40,375,0.48,180,27.8
1377,Crushed,Natural,40,375,0.44,165,32.6
1378,Crushed,Natural,40,375,0.44,165,32.6
1379,Crushed,Natural,20,385,0.49,190,34
1380,Crushed,Natural,20,385,0.49,190,34
1381,Crushed,Natural,40,365,0.48,175,26.1
1382,Crushed,Natural,40,365,0.48,175,26.1
1383,Crushed,Natural,40,375,0.48,180,31.7
1384,Crushed,Natural,40,375,0.48,180,31.7
1385,Crushed,Natural,20,375,0.49,185,30.5
1386,Crushed,Natural,20,375,0.49,185,30.5
1387,Crushed,Natural,40,350,0.46,160,33.5
1388,Crushed,Natural,40,350,0.46,160,33.5
1389,Crushed,Natural,20,400,0.44,175,28
1390,Crushed,Natural,20,400,0.44,175,28
1391,Crushed,Natural,40,350,0.48,168,36.5
1392,Crushed,Natural,40,350,0.48,168,36.5
1393,Crushed,Natural,40,350,0.48,168,36.4
1394,Crushed,Natural,20,360,0.46,165,40
1395,Crushed,Natural,20,360,0.46,165,0
1396,Crushed,Natural,20,360,0.46,165,40
1397,Crushed,Natural,40,375,0.48,180,31
1398,Crushed,Natural,40,375,0.48,180,31
1399,Crushed,Natural,20,375,0.51,190,25.6
1400,Crushed,Natural,20,375,0.41,190,25.6
1401,Crushed,Natural,20,375,0.53,200,28.3
1402,Crushed,Natural,40,375,0.48,180,25.5
1403,Crushed,Natural,40,375,0.48,180,26.1
1404,Crushed,Natural,40,375,0.48,180,25
1405,Crushed,Natural,40,375,0.48,180,25.5
1406,Crushed,Natural,40,375,0.48,180,25
1407,Crushed,Natural,20,375,0.49,185,25.1
1408,Crushed,Natural,20,375,0.49,185,25.1
1409,Crushed,Natural,20,370,0.51,190,37.1
1410,Crushed,Natural,40,375,0.48,180,30.3
1411,Crushed,Natural,40,375,0.48,180,30.3
1412,Crushed,Natural,20,365,0.51,185,36
1413,Crushed,Natural,20,375,0.48,180,26.2
1414,Crushed,Natural,20,400,0.44,175,29.9
1415,Crushed,Natural,20,400,0.44,175,29.9
1416,Crushed,Natural,20,400,0.42,168,29.6
1417,Crushed,Natural,20,400,0.42,168,29.6
1418,Crushed,Natural,20,450,0.33,150,37.1
1419,Crushed,Natural,20,450,0.33,150,37.1
1420,Crushed,Natural,20,400,0.54,215,39
1421,Crushed,Natural,20,400,0.54,215,39
1422,Crushed,Natural,40,350,0.53,185,27
1423,Crushed,Natural,40,350,0.53,185,27
1424,Crushed,Natural,20,375,0.51,190,24.6
1425,Crushed,Natural,20,375,0.51,190,24.6
1426,Crushed,Natural,40,400,0.4,180,28.7
1427,Crushed,Natural,40,400,0.45,180,28.7
1428,Crushed,Natural,20,375,0.48,180,36.5
1429,Crushed,Natural,20,375,0.48,180,36.5
1430,Crushed,Natural,20,350,0.48,168,36.1
1431,Crushed,Natural,20,350,0.48,168,36.1
1432,Crushed,Natural,20,400,0.45,180,41.4
1433,Crushed,Natural,20,375,0.49,185,34.9
1434,Crushed,Natural,40,375,0.44,165,31.7
1435,Crushed,Natural,40,375,0.44,165,26.7
1436,Crushed,Natural,20,375,0.49,185,29.4
1437,Crushed,Natural,20,375,0.49,185,32.3
1438,Crushed,Natural,40,360,0.46,165,29.4
1439,Crushed,Natural,40,360,0.46,165,33.7
1440,Crushed,Natural,40,360,0.46,165,29.4
1441,Crushed,Natural,40,360,0.46,165,33.7
1442,Crushed,Natural,20,375,0.51,190,33.7
1443,Crushed,Natural,20,375,0.51,190,33.7
1444,Crushed,Natural,40,375,0.45,170,35.6
1445,Crushed,Natural,40,375,0.45,170,35.6
1446,Crushed,Natural,40,375,0.47,175,32.5
1447,Crushed,Natural,40,400,0.45,180,36.6
1448,Crushed,Natural,40,375,0.47,175,32.5
1449,Crushed,Natural,40,400,0.45,180,36.6
1450,Crushed,Natural,20,375,0.48,180,24.8
1451,Crushed,Natural,20,375,0.48,180,24.8
1452,Crushed,Natural,40,350,0.47,165,25.5
1453,Crushed,Natural,40,350,0.47,165,25.5
1454,Crushed,Natural,40,375,0.48,180,29.5
1455,Crushed,Natural,40,375,0.48,180,30.3
1456,Crushed,Natural,40,375,0.48,180,29.5
1457,Crushed,Natural,20,350,0.47,165,42.1
1458,Crushed,Natural,20,350,0.47,165,42.1
1459,Crushed,Natural,20,365,0.45,165,35.4
1460,Crushed,Natural,20,365,0.45,165,35.4
1461,Crushed,Natural,20,365,0.45,165,35.4
1462,Crushed,Natural,20,375,0.48,180,40.9
1463,Crushed,Natural,20,375,0.48,180,40.9
1464,Crushed,Natural,40,360,0.45,160,33.1
1465,Crushed,Natural,40,360,0.45,160,33.1
1466,Crushed,Natural,20,375,0.49,185,41.1
1467,Crushed,Natural,20,375,0.49,185,41.1
1468,Crushed,Natural,20,375,0.49,185,38.6
1469,Crushed,Natural,20,375,0.49,185,38.6
1470,Crushed,Natural,20,375,0.51,190,26.8
1471,Crushed,Natural,20,375,0.51,190,26.8
1472,Crushed,Natural,20,375,0.51,190,26.8
1473,Crushed,Natural,40,365,0.48,175,27.3
1474,Crushed,Natural,40,375,0.45,170,35.1
1475,Crushed,Natural,40,375,0.45,170,35.1
1476,Crushed,Natural,20,385,0.52,200,32.8
1477,Crushed,Natural,20,365,0.51,185,35.4
1478,Crushed,Natural,20,365,0.51,185,35.4
1479,Crushed,Natural,20,375,0.49,185,29.5
1480,Crushed,Natural,20,375,0.49,185,29.5
1481,Crushed,Natural,20,375,0.47,190,34.2
1482,Crushed,Natural,40,375,0.48,175,31.1
1483,Crushed,Natural,40,375,0.48,175,31.1
1484,Crushed,Natural,20,370,0.46,170,33.4
1485,Crushed,Natural,20,375,0.48,180,27.3
1486,Crushed,Natural,20,375,0.48,180,27.3
1487,Crushed,Natural,40,375,0.48,180,25.1
1488,Crushed,Natural,20,385,0.48,215,22.3
1489,Crushed,Natural,20,385,0.48,215,22.3
1490,Crushed,Natural,20,375,0.51,190,30.7
1491,Crushed,Natural,20,400,0.54,215,31.2
1492,Crushed,Natural,40,375,0.48,180,28
1493,Crushed,Natural,40,375,0.48,180,28
1494,Crushed,Natural,20,375,0.48,180,27.9
1495,Crushed,Natural,20,375,0.48,180,27.9
1496,Crushed,Natural,20,400,0.42,185,36.4
1497,Crushed,Natural,40,375,0.48,180,31
1498,Crushed,Natural,40,375,0.48,180,31
1499,Crushed,Natural,40,350,0.47,165,35.6
1500,Crushed,Natural,40,350,0.47,165,35.6
1501,Crushed,Natural,20,375,0.51,190,31.4
1502,Crushed,Natural,40,400,0.5,200,37.7
1503,Crushed,Natural,40,400,0.5,200,37.7
1504,Crushed,Natural,20,350,0.47,165,34.3
1505,Crushed,Natural,20,350,0.47,165,34.3
1506,Crushed,Natural,20,370,0.51,190,35.9
1507,Crushed,Natural,20,370,0.51,190,35.9
1508,Crushed,Natural,20,375,0.51,190,30.5
1509,Crushed,Natural,20,375,0.51,190,30.5
1510,Crushed,Natural,40,355,0.48,170,35.5
1511,Crushed,Natural,40,355,0.48,170,35.3
1512,Crushed,Natural,40,350,0.48,170,36.9
1513,Crushed,Natural,20,325,0.48,157,35.4
1514,Crushed,Natural,20,300,0.48,145,34.7
1515,Crushed,Natural,20,375,0.49,185,38.7
1516,Crushed,Natural,20,375,0.49,185,38.7
1517,Crushed,Natural,40,365,0.44,160,33.7
1518,Crushed,Natural,40,365,0.44,160,33.7
1519,Crushed,Natural,20,365,0.48,175,25.8
1520,Crushed,Natural,20,365,0.48,175,25.8
1521,Crushed,Natural,20,400,0.54,215,31.2
1522,Crushed,Natural,20,400,0.45,170,34.6
1523,Crushed,Natural,20,400,0.45,170,34.5
1524,Crushed,Natural,20,400,0.45,170,34.6
1525,Crushed,Natural,20,400,0.45,170,34.5
1526,Crushed,Natural,20,375,0.49,185,30.7
1527,Crushed,Natural,20,375,0.51,190,27.6
1528,Crushed,Natural,20,400,0.45,180,34.6
1529,Crushed,Natural,20,400,0.45,180,34.6
1530,Crushed,Natural,20,350,0.47,165,28.3
1531,Crushed,Natural,20,350,0.47,165,28.3
1532,Crushed,Natural,40,375,0.45,170,31.3
1533,Crushed,Natural,40,375,0.45,170,31.3
1534,Crushed,Natural,40,375,0.44,165,32.6
1535,Crushed,Natural,40,375,0.44,165,32.6
1536,Crushed,Natural,40,375,0.44,165,32.6
1537,Crushed,Natural,20,375,0.48,180,27.2
1538,Crushed,Natural,20,375,0.48,180,27.2
1539,Crushed,Natural,20,300,0.48,145,35.5
1540,Crushed,Natural,40,375,0.46,170,24.6
1541,Crushed,Natural,40,375,0.46,170,24.6
1542,Crushed,Natural,40,375,0.44,165,30.4
1543,Crushed,Natural,40,375,0.44,165,30.4
1544,Crushed,Natural,40,375,0.48,180,22.4
1545,Crushed,Natural,40,375,0.48,180,22.4
1546,Crushed,Natural,40,375,0.48,180,26.1
1547,Crushed,Natural,40,375,0.48,180,26.1
1548,Crushed,Natural,20,375,0.47,175,24.1
1549,Crushed,Natural,20,350,0.46,160,28.1
1550,Crushed,Natural,20,400,0.45,180,41.4
1551,Crushed,Natural,20,375,0.49,185,34.9
1552,Crushed,Natural,20,370,0.51,190,35.9
1553,Crushed,Natural,20,360,0.46,165,32.2
1554,Crushed,Natural,20,400,0.45,180,30.3
1555,Crushed,Natural,20,375,0.48,180,37.2
1556,Crushed,Natural,20,365,0.45,165,37.4
1557,Crushed,Natural,20,365,0.45,165,37.4
1558,Crushed,Natural,20,365,0.44,160,27.7
1559,Crushed,Natural,20,375,0.48,165,29.4
1560,Crushed,Natural,20,400,0.45,170,34.5
1561,Crushed,Natural,20,400,0.45,180,35.7
1562,Crushed,Natural,20,350,0.47,165,28.3
1563,Crushed,Natural,20,400,0.45,180,35.7
1564,Crushed,Natural,20,340,0.47,160,25.9
1565,Crushed,Natural,20,410,0.44,180,42.6
1566,Crushed,Natural,20,410,0.44,180,42.6
1567,Crushed,Natural,20,365,0.52,190,37.9
1568,Crushed,Natural,20,400,0.48,190,39.2
1569,Crushed,Natural,20,365,0.52,190,37.9
1570,Crushed,Natural,20,365,0.52,190,37.9
1571,Crushed,Natural,20,400,0.48,190,39.2
1572,Crushed,Natural,20,370,0.46,170,35.7
1573,Crushed,Natural,20,375,0.51,190,36.3
1574,Crushed,Natural,20,375,0.48,180,36.5
1575,Crushed,Natural,20,375,0.51,190,38.1
1576,Crushed,Natural,20,360,0.49,185,37
1577,Crushed,Natural,20,375,0.51,190,41.9
1578,Crushed,Natural,20,400,0.45,180,39.5
1579,Crushed,Natural,20,400,0.45,180,39.5
1580,Crushed,Natural,20,400,0.45,180,39.5
1581,Crushed,Natural,20,375,0.51,190,38.1
1582,Crushed,Natural,20,360,0.49,185,37
1583,Crushed,Natural,20,370,0.52,190,25.9
1584,Crushed,Natural,20,370,0.52,190,25.9
1585,Crushed,Natural,20,400,0.4,160,30.2
1586,Crushed,Natural,20,365,0.52,190,31.1
1587,Crushed,Natural,20,350,0.47,165,34.3
1588,Crushed,Natural,20,365,0.52,190,31.1
1589,Crushed,Natural,20,365,0.44,160,33
1590,Crushed,Natural,20,450,0.33,150,37.1
1591,Crushed,Natural,20,400,0.42,168,29.6
1592,Crushed,Natural,20,400,0.47,190,0
1593,Crushed,Natural,20,400,0.47,190,38.2
1594,Crushed,Natural,20,400,0.47,190,38.2
1595,Crushed,Natural,20,365,0.52,190,29.6
1596,Crushed,Natural,20,400,0.47,190,38.2
1597,Crushed,Natural,20,365,0.52,190,29.6
1598,Crushed,Natural,20,350,0.46,160,31.4
1599,Crushed,Natural,20,350,0.48,180,32.8
1600,Crushed,Natural,20,375,0.44,165,32.4
1601,Crushed,Natural,20,375,0.48,180,32.2
1602,Crushed,Natural,20,365,0.45,165,32.1
1603,Crushed,Natural,20,365,0.46,170,32.9
1604,Crushed,Natural,20,365,0.49,180,39.8
1605,Crushed,Natural,20,400,0.45,170,34.6
1606,Crushed,Natural,20,350,0.46,160,34.1
1607,Crushed,Natural,20,400,0.44,175,28
1608,Crushed,Natural,20,365,0.47,170,33.2
1609,Crushed,Natural,20,365,0.49,180,39.8
1610,Crushed,Natural,20,375,0.45,170,34.7
1611,Crushed,Natural,20,360,0.46,165,36.8
1612,Crushed,Natural,20,365,0.45,165,35.4
1613,Crushed,Natural,20,365,0.45,165,35.4
1614,Crushed,Natural,20,315,0.49,165,32.7
1615,Crushed,Natural,20,360,0.5,180,34.7
1616,Crushed,Natural,20,375,0.49,185,45.9
1617,Crushed,Natural,20,360,0.5,180,42.3
1618,Crushed,Natural,20,360,0.5,180,31.1
1619,Crushed,Natural,20,375,0.48,180,37.2
1620,Crushed,Natural,20,370,0.46,170,33.4
1621,Crushed,Natural,20,375,0.45,170,38.6
1622,Crushed,Natural,20,360,0.5,180,34.7
1623,Crushed,Natural,20,360,0.5,180,42.3
1624,Crushed,Natural,20,360,0.5,180,31.1
1625,Crushed,Natural,20,365,0.51,185,35.4
1626,Crushed,Natural,20,375,0.51,190,26.8
1627,Crushed,Natural,20,375,0.51,190,26.8
1628,Crushed,Natural,20,375,0.47,175,26.8
1629,Crushed,Natural,20,375,0.45,170,38.6
1630,Crushed,Natural,20,375,0.51,190,26.8
1631,Crushed,Natural,20,375,0.49,185,28.3
1632,Crushed,Natural,20,375,0.49,185,28.3
1633,Crushed,Natural,20,375,0.49,185,38.7
1634,Crushed,Natural,20,375,0.49,185,28.3
1635,Crushed,Natural,20,375,0.49,185,38.7
1636,Crushed,Natural,20,385,0.49,190,34
1637,Crushed,Natural,20,375,0.49,185,45.9
1638,Crushed,Natural,20,365,0.45,165,35.4
1639,Crushed,Natural,20,370,0.5,185,35
1640,Crushed,Natural,20,375,0.48,185,44.2
1641,Crushed,Natural,20,360,0.46,165,40
1642,Crushed,Natural,20,360,0.46,165,0
1643,Crushed,Natural,20,370,0.5,185,35
1644,Crushed,Natural,20,375,0.48,180,29.8
1645,Crushed,Natural,20,375,0.48,180,29.8
1646,Crushed,Natural,20,375,0.49,185,41.1
1647,Crushed,Natural,20,375,0.49,185,36.3
1648,Crushed,Natural,20,375,0.49,185,33.4
1649,Crushed,Natural,20,360,0.46,165,40
1650,Crushed,Natural,20,375,0.48,185,44.2
1651,Crushed,Natural,20,300,0.48,145,35.5
1652,Crushed,Natural,20,375,0.49,185,36.3
1653,Crushed,Natural,20,375,0.49,185,41.1
1654,Crushed,Natural,20,300,0.48,145,34.7
1655,Crushed,Natural,20,365,0.44,160,27.7
1656,Crushed,Natural,20,325,0.48,157,35.4
1657,Crushed,Natural,20,400,0.4,160,30.2
1658,Crushed,Natural,20,400,0.45,180,34.6
1659,Crushed,Natural,20,365,0.51,185,30.7
1660,Crushed,Natural,20,365,0.51,185,27
1661,Crushed,Natural,20,350,0.47,165,28.3
1662,Crushed,Natural,20,365,0.49,180,35.9
1663,Crushed,Natural,20,365,0.49,180,35.9
1664,Crushed,Natural,20,375,0.49,185,30.7
1665,Crushed,Natural,20,365,0.47,170,32.9
1666,Crushed,Natural,20,375,0.48,180,33.6
1667,Crushed,Natural,20,375,0.48,180,34.2
1668,Crushed,Natural,20,375,0.49,185,38.3
1669,Crushed,Natural,20,365,0.51,185,36.8
1670,Crushed,Natural,20,375,0.43,160,34.9
1671,Crushed,Natural,20,375,0.48,180,33.6
1672,Crushed,Natural,20,360,0.46,170,41.2
1673,Crushed,Natural,20,375,0.49,185,30.5
1674,Crushed,Natural,20,375,0.51,190,35.9
1675,Crushed,Natural,20,375,0.51,190,35.9
1676,Crushed,Natural,20,375,0.51,190,35.9
1677,Crushed,Natural,20,365,0.52,185,36.8
1678,Crushed,Natural,20,365,0.52,190,35.2
1679,Crushed,Natural,20,400,0.45,180,30.3
1680,Crushed,Natural,20,365,0.52,185,36.8
1681,Crushed,Natural,20,375,0.48,180,37.6
1682,Crushed,Natural,20,365,0.52,190,35.2
1683,Crushed,Natural,20,400,0.45,180,34.5
1684,Crushed,Natural,20,350,0.46,160,34.1
1685,Crushed,Natural,20,375,0.5,185,33.5
1686,Crushed,Natural,20,375,0.45,170,36.1
1687,Crushed,Natural,20,375,0.48,180,37.6
1688,Crushed,Natural,20,360,0.46,170,41.2
1689,Crushed,Natural,20,375,0.45,170,36.1
1690,Crushed,Natural,20,365,0.51,185,36.8
1691,Crushed,Natural,20,360,0.46,165,32.2
1692,Crushed,Natural,20,375,0.48,180,33.5
1693,Crushed,Natural,20,365,0.44,160,33
1694,Crushed,Natural,20,365,0.44,160,35.2
1695,Crushed,Natural,20,380,0.47,180,0
1696,Crushed,Natural,20,380,0.45,180,0
1697,Crushed,Natural,20,400,0.45,180,33.9
1698,Crushed,Natural,20,380,0.45,180,27.7
1699,Crushed,Natural,20,400,0.44,175,0
1700,Crushed,Natural,20,360,0.46,165,34.1
1701,Crushed,Natural,20,400,0.44,175,31.4
1702,Crushed,Natural,20,375,0.46,172,34.6
1703,Crushed,Natural,20,400,0.44,175,31.4
1704,Crushed,Natural,20,365,0.51,185,36
1705,Crushed,Natural,20,370,0.51,190,37.1
1706,Crushed,Natural,20,370,0.51,185,38.5
1707,Crushed,Natural,20,370,0.51,190,37.6
1708,Crushed,Natural,20,370,0.51,190,37.6
1709,Crushed,Natural,20,375,0.48,190,30.7
1710,Crushed,Natural,20,375,0.48,190,30.7
1711,Crushed,Natural,20,365,0.51,185,28.9
1712,Crushed,Natural,20,365,0.51,185,28.9
1713,Crushed,Natural,20,375,0.46,172,34.6
1714,Crushed,Natural,20,370,0.46,170,35.3
1715,Crushed,Natural,20,370,0.46,170,35.3
1716,Crushed,Natural,20,400,0.42,160,35.7
1717,Crushed,Natural,20,375,0.49,185,32
1718,Crushed,Natural,20,375,0.49,185,32
1719,Crushed,Natural,20,375,0.44,165,34.1
1720,Crushed,Natural,20,400,0.45,180,34.6
1721,Crushed,Natural,20,365,0.45,165,33.8
1722,Crushed,Natural,20,375,0.48,180,23.4
1723,Crushed,Natural,20,340,0.47,160,37.3
1724,Crushed,Natural,20,375,0.48,180,23.4
1725,Crushed,Natural,20,340,0.47,160,25.9
1726,Crushed,Natural,20,400,0.45,180,33.1
1727,Crushed,Natural,20,400,0.45,180,33.1
1728,Crushed,Natural,20,340,0.47,160,37.3
1729,Crushed,Natural,20,365,0.47,170,33.2
1730,Crushed,Natural,20,375,0.48,180,33.2
1731,Crushed,Natural,20,350,0.47,165,34.3
1732,Crushed,Natural,20,350,0.48,180,32.8
1733,Crushed,Natural,20,365,0.48,175,31.3
1734,Crushed,Natural,20,375,0.51,190,30.5
1735,Crushed,Natural,20,375,0.48,180,33.2
1736,Crushed,Natural,20,365,0.48,175,31.3
1737,Crushed,Natural,20,350,0.47,165,31.3
1738,Crushed,Natural,20,365,0.45,165,32.1
1739,Crushed,Natural,20,375,0.51,190,30.5
1740,Crushed,Natural,20,375,0.48,180,40.9
1741,Crushed,Natural,20,375,0.49,185,26.8
1742,Crushed,Natural,20,385,0.47,180,39.2
1743,Crushed,Natural,20,375,0.48,180,40.9
1744,Crushed,Natural,20,375,0.49,185,26.8
1745,Crushed,Natural,20,365,0.47,170,34.8
1746,Crushed,Natural,20,375,0.51,190,20.7
1747,Crushed,Natural,20,375,0.51,190,22.2
1748,Crushed,Natural,20,375,0.51,190,20.7
1749,Crushed,Natural,20,375,0.51,190,22.2
1750,Crushed,Natural,20,375,0.48,180,27.3
1751,Crushed,Natural,20,375,0.49,185,25.1
1752,Crushed,Natural,20,375,0.48,180,27.3
1753,Crushed,Natural,20,375,0.49,185,29.4
1754,Crushed,Natural,20,375,0.49,185,38.6
1755,Crushed,Natural,20,375,0.49,185,38.6
1756,Crushed,Natural,20,375,0.49,185,32.3
1757,Crushed,Natural,20,375,0.49,185,25.1
1758,Crushed,Natural,20,375,0.49,185,29.5
1759,Crushed,Natural,20,375,0.47,190,34.2
1760,Crushed,Natural,20,375,0.49,185,29.5
1761,Crushed,Natural,20,375,0.47,190,34.2
1762,Crushed,Natural,20,380,0.42,160,36.6
1763,Crushed,Natural,20,400,0.42,185,36.4
1764,Crushed,Natural,20,385,0.49,190,34
1765,Crushed,Natural,20,350,0.47,165,31.1
1766,Crushed,Natural,20,365,0.47,170,34.8
1767,Crushed,Natural,20,360,0.46,165,33.5
1768,Crushed,Natural,20,375,0.5,185,39.2
1769,Crushed,Natural,20,370,0.46,170,38.2
1770,Crushed,Natural,20,375,0.51,190,45.9
1771,Crushed,Natural,20,400,0.42,168,29.6
1772,Crushed,Natural,20,360,0.46,165,33.5
1773,Crushed,Natural,20,410,0.46,190,36.9
1774,Crushed,Natural,20,400,0.44,175,28
1775,Crushed,Natural,20,375,0.48,180,32.2
1776,Crushed,Natural,20,400,0.44,175,29.9
1777,Crushed,Natural,20,450,0.33,150,37.1
1778,Crushed,Natural,20,400,0.44,175,29.9
1779,Crushed,Natural,20,375,0.47,175,34
1780,Crushed,Natural,20,375,0.49,185,28.3
1781,Crushed,Natural,20,375,0.51,190,36.3
1782,Crushed,Natural,20,350,0.48,168,36.1
1783,Crushed,Natural,20,375,0.49,185,38.3
1784,Crushed,Natural,20,375,0.51,190,27.6
1785,Crushed,Natural,20,375,0.48,180,33.5
1786,Crushed,Natural,20,400,0.45,170,34.6
1787,Crushed,Natural,20,400,0.45,170,34.5
1788,Crushed,Natural,20,375,0.51,190,41.9
1789,Crushed,Natural,20,400,0.45,180,39.5
1790,Crushed,Natural,20,350,0.47,165,42.1
1791,Crushed,Natural,20,375,0.52,195,41
1792,Crushed,Natural,20,350,0.47,165,42.1
1793,Crushed,Natural,20,350,0.48,168,36.1
1794,Crushed,Natural,20,365,0.51,185,35.4
1795,Crushed,Natural,20,375,0.48,165,29.4
1796,Crushed,Natural,40,350,0.48,170,36.9
1797,Crushed,Natural,40,360,0.44,160,37.3
1798,Crushed,Natural,40,350,0.53,185,27
1799,Crushed,Natural,40,360,0.44,160,37.3
1800,Crushed,Natural,40,350,0.53,185,27
1801,Crushed,Natural,40,375,0.47,175,32.5
1802,Crushed,Natural,40,350,0.48,168,36.5
1803,Crushed,Natural,40,350,0.48,168,36.5
1804,Crushed,Natural,40,350,0.48,168,36.4
1805,Crushed,Natural,40,355,0.48,170,35.5
1806,Crushed,Natural,40,400,0.45,180,36.6
1807,Crushed,Natural,40,375,0.47,175,32.5
1808,Crushed,Natural,40,350,0.46,160,34.9
1809,Crushed,Natural,40,350,0.46,160,34.9
1810,Crushed,Natural,40,350,0.46,160,32.4
1811,Crushed,Natural,40,350,0.48,168,38
1812,Crushed,Natural,40,375,0.41,155,0
1813,Crushed,Natural,40,375,0.41,155,31.2
1814,Crushed,Natural,40,375,0.41,155,31.2
1815,Crushed,Natural,40,375,0.44,165,32.6
1816,Crushed,Natural,40,375,0.44,165,32.6
1817,Crushed,Natural,40,350,0.46,160,32.4
1818,Crushed,Natural,40,375,0.44,165,32.6
1819,Crushed,Natural,40,375,0.45,170,35.2
1820,Crushed,Natural,40,365,0.45,165,32.5
1821,Crushed,Natural,40,365,0.45,165,36.2
1822,Crushed,Natural,40,365,0.45,165,35.8
1823,Crushed,Natural,40,365,0.45,165,33
1824,Crushed,Natural,40,375,0.45,170,35.2
1825,Crushed,Natural,40,375,0.45,170,31.9
1826,Crushed,Natural,40,365,0.47,170,36.4
1827,Crushed,Natural,40,375,0.44,165,32.6
1828,Crushed,Natural,40,365,0.47,170,36.4
1829,Crushed,Natural,40,370,0.46,170,24.4
1830,Crushed,Natural,40,375,0.44,165,32.6
1831,Crushed,Natural,40,375,0.46,172,34.6
1832,Crushed,Natural,40,370,0.46,170,29.6
1833,Crushed,Natural,40,360,0.46,165,29.4
1834,Crushed,Natural,40,360,0.46,165,33.7
1835,Crushed,Natural,40,375,0.51,190,33.4
1836,Crushed,Natural,40,360,0.46,165,29.4
1837,Crushed,Natural,40,375,0.51,190,33.4
1838,Crushed,Natural,40,365,0.44,160,33.7
1839,Crushed,Natural,40,370,0.46,170,29.6
1840,Crushed,Natural,40,400,0.4,180,28.7
1841,Crushed,Natural,40,365,0.44,160,33.7
1842,Crushed,Natural,40,365,0.44,160,38.4
1843,Crushed,Natural,40,400,0.45,180,28.7
1844,Crushed,Natural,40,365,0.44,160,35.2
1845,Crushed,Natural,40,365,0.44,160,38.4
1846,Crushed,Natural,40,375,0.45,170,35.6
1847,Crushed,Natural,40,360,0.44,160,30.6
1848,Crushed,Natural,40,375,0.44,165,32.2
1849,Crushed,Natural,40,360,0.45,160,33.1
1850,Crushed,Natural,40,360,0.46,165,27.4
1851,Crushed,Natural,40,375,0.44,165,32.2
1852,Crushed,Natural,40,360,0.45,160,33.1
1853,Crushed,Natural,40,360,0.46,165,27.4
1854,Crushed,Natural,40,360,0.44,160,30.6
1855,Crushed,Natural,40,380,0.44,165,38.1
1856,Crushed,Natural,40,340,0.47,160,31.5
1857,Crushed,Natural,40,375,0.44,165,31.7
1858,Crushed,Natural,40,380,0.44,165,38.1
1859,Crushed,Natural,40,365,0.47,165,34.6
1860,Crushed,Natural,40,350,0.47,165,34.6
1861,Crushed,Natural,40,375,0.48,180,34.2
1862,Crushed,Natural,40,375,0.45,170,35.3
1863,Crushed,Natural,40,375,0.43,160,29.2
1864,Crushed,Natural,40,375,0.43,160,28.8
1865,Crushed,Natural,40,350,0.47,165,35.6
1866,Crushed,Natural,40,365,0.45,165,30.2
1867,Crushed,Natural,40,375,0.45,170,31
1868,Crushed,Natural,40,365,0.45,165,30.2
1869,Crushed,Natural,40,375,0.44,165,30.4
1870,Crushed,Natural,40,375,0.44,165,30.4
1871,Crushed,Natural,40,350,0.46,160,33.5
1872,Crushed,Natural,40,350,0.46,160,33.5
1873,Crushed,Natural,40,360,0.47,170,41.8
1874,Crushed,Natural,40,360,0.47,170,41.8
1875,Crushed,Natural,40,375,0.45,170,35.2
1876,Crushed,Natural,40,375,0.45,190,36.9
1877,Crushed,Natural,40,375,0.44,165,36.7
1878,Crushed,Natural,40,375,0.44,165,36.7
1879,Crushed,Natural,40,375,0.45,170,35.1
1880,Crushed,Natural,40,375,0.45,170,35.1
1881,Crushed,Natural,40,365,0.48,175,26.1
1882,Crushed,Natural,40,365,0.48,175,26.1
1883,Crushed,Natural,40,375,0.48,180,26.1
1884,Crushed,Natural,40,350,0.48,168,39.1
1885,Crushed,Natural,40,350,0.48,168,34.1
1886,Crushed,Natural,40,350,0.48,168,37.9
1887,Crushed,Natural,40,365,0.47,170,23.3
1888,Crushed,Natural,40,375,0.48,180,26.1
1889,Crushed,Natural,40,350,0.48,168,39.1
1890,Crushed,Natural,40,350,0.48,168,34.1
1891,Crushed,Natural,40,375,0.46,165,29
1892,Crushed,Natural,40,375,0.44,165,27.7
1893,Crushed,Natural,40,350,0.48,168,37.9
1894,Crushed,Natural,40,365,0.47,170,23.3
1895,Crushed,Natural,40,375,0.48,165,23.3
1896,Crushed,Natural,40,375,0.46,165,29
1897,Crushed,Natural,40,375,0.44,165,27.7
1898,Crushed,Natural,40,375,0.48,165,23.3
1899,Crushed,Natural,40,375,0.47,175,40
1900,Crushed,Natural,40,375,0.47,175,40
1901,Crushed,Natural,40,375,0.49,185,33.3
1902,Crushed,Natural,40,375,0.49,185,33.3
1903,Crushed,Natural,40,400,0.45,180,39.4
1904,Crushed,Natural,40,375,0.45,170,28.4
1905,Crushed,Natural,40,400,0.45,180,39.4
1906,Crushed,Natural,40,375,0.45,170,23.1
1907,Crushed,Natural,40,375,0.45,170,28.4
1908,Crushed,Natural,40,375,0.45,170,23.1
1909,Crushed,Natural,40,355,0.48,170,35.3
1910,Crushed,Natural,40,350,0.47,165,35.6
1911,Crushed,Natural,40,375,0.45,170,35.6
1912,Crushed,Natural,40,385,0.47,180,39.2
1913,Crushed,Natural,40,360,0.46,165,33.7
1914,Crushed,Natural,40,375,0.43,160,29.2
1915,Crushed,Natural,40,375,0.43,160,28.8
1916,Crushed,Natural,40,340,0.47,160,31.5
1917,Crushed,Natural,40,400,0.48,190,33.3
1918,Crushed,Natural,40,360,0.45,165,39.9
1919,Crushed,Natural,40,350,0.47,165,25.5
1920,Crushed,Natural,40,375,0.45,170,35.2
1921,Crushed,Natural,40,375,0.45,170,31
1922,Crushed,Natural,40,375,0.45,190,33.7
1923,Crushed,Natural,40,375,0.47,180,36.1
1924,Crushed,Natural,40,350,0.46,160,38.9
1925,Crushed,Natural,40,400,0.45,180,36.6
1926,Crushed,Natural,40,375,0.45,170,35.3
1927,Crushed,Natural,40,350,0.46,160,32.4
1928,Crushed,Natural,40,375,0.49,185,35.7
1929,Crushed,Natural,40,350,0.48,168,38
1930,Crushed,Natural,40,375,0.44,165,26.7
1931,Crushed,Natural,40,375,0.48,180,30.3
1932,Crushed,Natural,40,360,0.45,165,39.3
1933,Crushed,Natural,40,350,0.46,160,38.9
1934,Crushed,Natural,40,350,0.47,165,25.5
1935,Crushed,Natural,40,360,0.46,165,25.8
1936,Crushed,Natural,40,350,0.46,160,32.4
1937,Crushed,Natural,20,350,0.46,160,33.6
1939,Crushed,Natural,20,400,0.45,180,34.5
1940,Crushed,Natural,20,385,0.48,215,22.3
1941,Crushed,Natural,20,315,0.49,165,32.7
1942,Crushed,Natural,20,400,0.45,180,41.4
1943,Crushed,Natural,20,375,0.49,185,34.9
1944,Crushed,Natural,20,370,0.51,190,35.9
1945,Crushed,Natural,20,300,0.48,145,35.5
1946,Crushed,Natural,20,300,0.48,145,34.7
1947,Crushed,Natural,20,325,0.48,157,35.4
1948,Crushed,Natural,20,375,0.51,190,25.6
1949,Crushed,Natural,20,365,0.45,165,37.4
1950,Crushed,Natural,20,365,0.45,165,37.4
1951,Crushed,Natural,20,340,0.47,160,37.3
1952,Crushed,Natural,20,375,0.51,190,29.1
1953,Crushed,Natural,20,340,0.47,160,37.3
1954,Crushed,Natural,20,340,0.47,160,25.9
1955,Crushed,Natural,20,375,0.48,175,27
1956,Crushed,Natural,20,400,0.45,180,35.7
1957,Crushed,Natural,20,400,0.45,180,30.3
1958,Crushed,Natural,20,400,0.45,180,35.7
1959,Crushed,Natural,20,375,0.48,180,21.9
1960,Crushed,Natural,20,375,0.51,190,24.2
1961,Crushed,Natural,20,375,0.41,190,25.6
1962,Crushed,Natural,20,375,0.51,190,24.6
1963,Crushed,Natural,20,400,0.45,180,30.3
1964,Crushed,Natural,20,375,0.6,225,21
1965,Crushed,Natural,20,375,0.49,185,24.8
1966,Crushed,Natural,20,375,0.48,180,24.8
1967,Crushed,Natural,20,400,0.46,185,25.5
1968,Crushed,Natural,20,375,0.51,190,24.6
1969,Crushed,Natural,20,410,0.44,180,42.6
1970,Crushed,Natural,20,410,0.44,180,42.6
1971,Crushed,Natural,20,365,0.52,190,37.9
1972,Crushed,Natural,20,400,0.48,190,39.2
1973,Crushed,Natural,20,365,0.52,190,37.9
1974,Crushed,Natural,20,365,0.52,190,37.9
1975,Crushed,Natural,20,400,0.44,175,25.9
1976,Crushed,Natural,20,400,0.48,190,39.2
1977,Crushed,Natural,20,375,0.48,180,27.9
1978,Crushed,Natural,20,385,0.47,180,25.9
1979,Crushed,Natural,20,375,0.48,180,27.2
1980,Crushed,Natural,20,370,0.46,170,35.3
1981,Crushed,Natural,20,375,0.47,175,24.5
1982,Crushed,Natural,20,380,0.46,175,28.8
1983,Crushed,Natural,20,375,0.51,190,31.4
1984,Crushed,Natural,20,375,0.51,190,36.3
1985,Crushed,Natural,20,375,0.48,180,36.5
1986,Crushed,Natural,20,375,0.51,190,38.1
1987,Crushed,Natural,20,360,0.49,185,37
1988,Crushed,Natural,20,375,0.53,200,24.5
1989,Crushed,Natural,20,375,0.51,190,41.9
1990,Crushed,Natural,20,400,0.45,180,39.5
1991,Crushed,Natural,20,400,0.45,180,39.5
1992,Crushed,Natural,20,400,0.45,180,39.5
1993,Crushed,Natural,20,375,0.51,190,38.1
1994,Crushed,Natural,20,360,0.49,185,37
1995,Crushed,Natural,20,375,0.49,185,27.4
1996,Crushed,Natural,20,375,0.49,185,28.1
1997,Crushed,Natural,20,370,0.52,190,25.9
1998,Crushed,Natural,20,370,0.52,190,25.9
1999,Crushed,Natural,20,400,0.54,215,26.3
2000,Crushed,Natural,20,375,0.51,190,30.7
2001,Crushed,Natural,20,375,0.48,180,37.2
2002,Crushed,Natural,20,375,0.49,185,24.7
2003,Crushed,Natural,20,365,0.52,190,31.1
2004,Crushed,Natural,20,365,0.48,175,25.8
2005,Crushed,Natural,20,370,0.46,170,33.4
2006,Crushed,Natural,20,365,0.52,190,31.1
2007,Crushed,Natural,20,370,0.46,170,35.3
2008,Crushed,Natural,20,450,0.33,150,37.1
2009,Crushed,Natural,20,400,0.42,168,29.6
2010,Crushed,Natural,20,400,0.47,190,0
2011,Crushed,Natural,20,400,0.47,190,38.2
2012,Crushed,Natural,20,400,0.47,190,38.2
2013,Crushed,Natural,20,365,0.52,190,29.6
2014,Crushed,Natural,20,400,0.47,190,38.2
2015,Crushed,Natural,20,365,0.52,190,29.6
2016,Crushed,Natural,20,365,0.46,170,32.9
2017,Crushed,Natural,20,400,0.4,160,30.2
2018,Crushed,Natural,20,400,0.4,160,30.2
2019,Crushed,Natural,20,360,0.46,165,40
2020,Crushed,Natural,20,400,0.45,180,34.6
2021,Crushed,Natural,20,350,0.47,165,28.3
2022,Crushed,Natural,20,375,0.49,185,30.5
2023,Crushed,Natural,20,375,0.51,190,33.7
2024,Crushed,Natural,20,365,0.49,180,39.8
2025,Crushed,Natural,20,400,0.45,180,34.6
2026,Crushed,Natural,20,350,0.47,165,28.3
2027,Crushed,Natural,20,375,0.51,190,28.1
2028,Crushed,Natural,20,410,0.51,210,31.6
2029,Crushed,Natural,20,400,0.45,180,33.1
2030,Crushed,Natural,20,365,0.45,165,33.8
2031,Crushed,Natural,20,365,0.49,180,39.8
2032,Crushed,Natural,20,365,0.47,170,32.9
2033,Crushed,Natural,20,400,0.45,180,33.1
2034,Crushed,Natural,20,365,0.44,160,33
2035,Crushed,Natural,20,360,0.51,185,33.9
2036,Crushed,Natural,20,390,0.51,215,30.7
2037,Crushed,Natural,20,375,0.51,190,31.9
2038,Crushed,Natural,20,385,0.51,195,32.8
2039,Crushed,Natural,20,365,0.44,160,33
2040,Crushed,Natural,20,375,0.51,190,34.9
2041,Crushed,Natural,20,360,0.46,165,32.2
2042,Crushed,Natural,20,360,0.5,180,34.7
2043,Crushed,Natural,20,375,0.49,185,45.9
2044,Crushed,Natural,20,360,0.5,180,42.3
2045,Crushed,Natural,20,360,0.5,180,31.1
2046,Crushed,Natural,20,350,0.46,160,33.6
2047,Crushed,Natural,20,360,0.46,165,36.8
2048,Crushed,Natural,20,360,0.46,165,34.1
2049,Crushed,Natural,20,360,0.5,180,34.7
2050,Crushed,Natural,20,360,0.5,180,42.3
2051,Crushed,Natural,20,360,0.5,180,31.1
2052,Crushed,Natural,20,365,0.51,185,35.4
2053,Crushed,Natural,20,380,0.45,180,34.4
2054,Crushed,Natural,20,375,0.51,190,26.8
2055,Crushed,Natural,20,375,0.51,190,26.8
2056,Crushed,Natural,20,375,0.47,175,26.8
2057,Crushed,Natural,20,375,0.46,172,34.6
2058,Crushed,Natural,20,370,0.51,190,35.9
2059,Crushed,Natural,20,375,0.51,190,26.8
2060,Crushed,Natural,20,375,0.49,185,28.3
2061,Crushed,Natural,20,375,0.49,185,28.3
2062,Crushed,Natural,20,375,0.49,185,33.1
2063,Crushed,Natural,20,375,0.49,185,38.7
2064,Crushed,Natural,20,375,0.49,185,28.3
2065,Crushed,Natural,20,375,0.49,185,38.7
2066,Crushed,Natural,20,400,0.54,215,39
2067,Crushed,Natural,20,400,0.54,215,31.2
2068,Crushed,Natural,20,385,0.49,190,34
2069,Crushed,Natural,20,375,0.49,185,45.9
2070,Crushed,Natural,20,375,0.44,190,32
2071,Crushed,Natural,20,375,0.44,165,32.4
2072,Crushed,Natural,20,370,0.5,185,35
2073,Crushed,Natural,20,375,0.48,185,44.2
2074,Crushed,Natural,20,360,0.46,170,41.2
2075,Crushed,Natural,20,365,0.45,165,35.4
2076,Crushed,Natural,20,370,0.5,185,35
2077,Crushed,Natural,20,375,0.48,180,29.8
2078,Crushed,Natural,20,375,0.48,180,29.8
2079,Crushed,Natural,20,375,0.49,185,41.1
2080,Crushed,Natural,20,375,0.49,185,36.3
2081,Crushed,Natural,20,375,0.49,185,33.4
2082,Crushed,Natural,20,365,0.44,160,27.7
2083,Crushed,Natural,20,375,0.48,185,44.2
2084,Crushed,Natural,20,360,0.46,170,41.2
2085,Crushed,Natural,20,375,0.49,185,36.3
2086,Crushed,Natural,20,375,0.49,185,41.1
2087,Crushed,Natural,20,375,0.45,170,38.6
2088,Crushed,Natural,20,375,0.45,170,38.6
2089,Crushed,Natural,20,365,0.44,160,27.7
2090,Crushed,Natural,20,365,0.45,165,35.4
2091,Crushed,Natural,20,365,0.45,165,35.4
2092,Crushed,Natural,20,365,0.51,185,30.7
2093,Crushed,Natural,20,400,0.51,205,37.8
2094,Crushed,Natural,20,365,0.51,185,27
2095,Crushed,Natural,20,350,0.46,160,34.1
2096,Crushed,Natural,20,365,0.49,180,35.9
2097,Crushed,Natural,20,365,0.49,180,35.9
2098,Crushed,Natural,20,375,0.49,185,30.7
2099,Crushed,Natural,20,400,0.54,215,31.2
2100,Crushed,Natural,20,350,0.46,160,34.1
2101,Crushed,Natural,20,375,0.48,180,33.6
2102,Crushed,Natural,20,375,0.48,180,34.2
2103,Crushed,Natural,20,375,0.49,185,38.3
2104,Crushed,Natural,20,365,0.51,185,36.8
2105,Crushed,Natural,20,350,0.47,165,31.1
2106,Crushed,Natural,20,375,0.53,200,28.3
2107,Crushed,Natural,20,410,0.51,210,31.6
2108,Crushed,Natural,20,375,0.48,180,33.6
2109,Crushed,Natural,20,365,0.47,170,33.2
2110,Crushed,Natural,20,375,0.49,185,30.5
2111,Crushed,Natural,20,375,0.51,190,35.9
2112,Crushed,Natural,20,375,0.51,190,35.9
2113,Crushed,Natural,20,375,0.51,190,35.9
2114,Crushed,Natural,20,365,0.52,185,36.8
2115,Crushed,Natural,20,365,0.52,190,35.2
2116,Crushed,Natural,20,375,0.45,170,36.1
2117,Crushed,Natural,20,365,0.52,185,36.8
2118,Crushed,Natural,20,375,0.48,180,37.6
2119,Crushed,Natural,20,365,0.52,190,35.2
2120,Crushed,Natural,20,410,0.51,210,31.6
2121,Crushed,Natural,20,385,0.52,200,32.8
2122,Crushed,Natural,20,375,0.48,180,36.5
2123,Crushed,Natural,20,375,0.5,185,39.2
2124,Crushed,Natural,20,370,0.46,170,38.2
2125,Crushed,Natural,20,375,0.5,185,33.5
2126,Crushed,Natural,20,370,0.46,170,35.7
2127,Crushed,Natural,20,375,0.48,180,37.6
2128,Crushed,Natural,20,365,0.48,175,31.3
2129,Crushed,Natural,20,365,0.45,165,32.1
2130,Crushed,Natural,20,390,0.51,215,30.7
2131,Crushed,Natural,20,365,0.51,185,36.8
2132,Crushed,Natural,20,350,0.47,165,31.3
2133,Crushed,Natural,20,385,0.51,195,32.8
2134,Crushed,Natural,20,375,0.48,180,33.5
2135,Crushed,Natural,20,350,0.46,160,28.1
2136,Crushed,Natural,20,360,0.46,165,33.5
2137,Crushed,Natural,20,380,0.47,180,0
2138,Crushed,Natural,20,380,0.45,180,0
2139,Crushed,Natural,20,375,0.48,190,30.2
2140,Crushed,Natural,20,400,0.45,180,33.9
2141,Crushed,Natural,20,380,0.45,180,27.7
2142,Crushed,Natural,20,400,0.44,175,0
2143,Crushed,Natural,20,350,0.46,160,31.4
2144,Crushed,Natural,20,400,0.44,175,31.4
2145,Crushed,Natural,20,360,0.46,165,33.5
2146,Crushed,Natural,20,375,0.51,190,28.1
2147,Crushed,Natural,20,375,0.49,185,28.1
2148,Crushed,Natural,20,400,0.44,175,31.4
2149,Crushed,Natural,20,365,0.51,185,36
2150,Crushed,Natural,20,370,0.51,190,37.1
2151,Crushed,Natural,20,370,0.51,185,38.5
2152,Crushed,Natural,20,370,0.51,190,37.6
2153,Crushed,Natural,20,370,0.51,190,37.6
2154,Crushed,Natural,20,375,0.48,190,30.7
2155,Crushed,Natural,20,375,0.51,190,34.9
2156,Crushed,Natural,20,375,0.48,190,30.7
2157,Crushed,Natural,20,375,0.51,190,33.7
2158,Crushed,Natural,20,375,0.49,185,33.1
2159,Crushed,Natural,20,375,0.51,190,34.1
2160,Crushed,Natural,20,375,0.51,190,29.1
2161,Crushed,Natural,20,365,0.51,185,28.9
2162,Crushed,Natural,20,380,0.5,190,37.9
2163,Crushed,Natural,20,365,0.51,185,28.9
2164,Crushed,Natural,20,375,0.51,190,31.9
2165,Crushed,Natural,20,375,0.49,185,30.5
2166,Crushed,Natural,20,400,0.44,175,28
2167,Crushed,Natural,20,380,0.5,190,29
2168,Crushed,Natural,20,375,0.43,160,34.9
2169,Crushed,Natural,20,400,0.44,175,28
2170,Crushed,Natural,20,400,0.42,160,35.7
2171,Crushed,Natural,20,375,0.49,185,32
2172,Crushed,Natural,20,375,0.49,185,32
2173,Crushed,Natural,20,375,0.47,175,24.1
2174,Crushed,Natural,20,375,0.44,190,32
2175,Crushed,Natural,20,350,0.48,168,36.1
2176,Crushed,Natural,20,350,0.48,180,32.8
2177,Crushed,Natural,20,375,0.48,180,23.4
2178,Crushed,Natural,20,350,0.48,168,36.1
2179,Crushed,Natural,20,375,0.48,180,23.4
2180,Crushed,Natural,20,350,0.48,180,32.8
2181,Crushed,Natural,20,375,0.48,165,29.4
2182,Crushed,Natural,20,350,0.47,165,42.1
2183,Crushed,Natural,20,400,0.45,170,34.6
2184,Crushed,Natural,20,400,0.45,170,34.5
2185,Crushed,Natural,20,375,0.48,180,33.2
2186,Crushed,Natural,20,375,0.48,180,32.2
2187,Crushed,Natural,20,350,0.47,165,42.1
2188,Crushed,Natural,20,375,0.48,165,29.4
2189,Crushed,Natural,20,375,0.51,190,30.5
2190,Crushed,Natural,20,400,0.51,205,37.8
2191,Crushed,Natural,20,375,0.48,180,33.2
2192,Crushed,Natural,20,400,0.45,170,34.6
2193,Crushed,Natural,20,375,0.48,180,32.2
2194,Crushed,Natural,20,400,0.45,170,34.5
2195,Crushed,Natural,20,375,0.51,190,30.5
2196,Crushed,Natural,20,375,0.48,180,40.9
2197,Crushed,Natural,20,375,0.49,185,26.8
2198,Crushed,Natural,20,350,0.47,165,34.3
2199,Crushed,Natural,20,375,0.48,180,40.9
2200,Crushed,Natural,20,375,0.49,185,26.8
2201,Crushed,Natural,20,360,0.47,170,37.8
2202,Crushed,Natural,20,350,0.47,165,34.3
2203,Crushed,Natural,20,375,0.51,190,20.7
2204,Crushed,Natural,20,375,0.51,190,22.2
2205,Crushed,Natural,20,400,0.51,205,36.8
2206,Crushed,Natural,20,400,0.54,215,39
2207,Crushed,Natural,20,375,0.51,190,20.7
2208,Crushed,Natural,20,375,0.51,190,22.2
2209,Crushed,Natural,20,375,0.43,160,34.9
2210,Crushed,Natural,20,375,0.48,180,27.3
2211,Crushed,Natural,20,375,0.49,185,25.1
2212,Crushed,Natural,20,375,0.48,180,27.3
2213,Crushed,Natural,20,385,0.47,180,29.4
2214,Crushed,Natural,20,375,0.49,185,29.4
2215,Crushed,Natural,20,360,0.47,170,37.8
2216,Crushed,Natural,20,375,0.49,185,38.6
2217,Crushed,Natural,20,375,0.49,185,38.6
2218,Crushed,Natural,20,375,0.49,185,32.3
2219,Crushed,Natural,20,375,0.49,185,25.1
2220,Crushed,Natural,20,375,0.43,160,34.9
2221,Crushed,Natural,20,375,0.49,185,29.5
2222,Crushed,Natural,20,375,0.47,190,34.2
2223,Crushed,Natural,20,375,0.49,185,29.5
2224,Crushed,Natural,20,400,0.51,205,36.8
2225,Crushed,Natural,20,365,0.48,175,25.8
2226,Crushed,Natural,20,375,0.47,190,34.2
2227,Crushed,Natural,20,380,0.42,160,36.6
2228,Crushed,Natural,20,400,0.42,185,36.4
2229,Crushed,Natural,20,400,0.54,215,26.3
2230,Crushed,Natural,20,385,0.51,195,24.8
2231,Crushed,Natural,20,385,0.49,190,34
2232,Crushed,Natural,20,375,0.51,190,25.6
2233,Crushed,Natural,20,375,0.48,180,37.2
2234,Crushed,Natural,20,375,0.51,190,25.6
2235,Crushed,Natural,20,375,0.46,172,34.6
2236,Crushed,Natural,20,360,0.46,165,0
2237,Crushed,Natural,20,400,0.44,175,25.9
2238,Crushed,Natural,20,375,0.51,190,24.6
2239,Crushed,Natural,20,365,0.48,175,31.3
2240,Crushed,Natural,20,365,0.47,170,33.2
2241,Crushed,Natural,20,375,0.51,190,45.9
2242,Crushed,Natural,20,375,0.48,175,27
2243,Crushed,Natural,20,375,0.49,185,24.7
2244,Crushed,Natural,20,400,0.42,168,29.6
2245,Crushed,Natural,20,375,0.51,190,24.2
2246,Crushed,Natural,20,365,0.45,165,32.1
2247,Crushed,Natural,20,410,0.46,190,36.9
2248,Crushed,Natural,20,365,0.47,170,34.8
2249,Crushed,Natural,20,375,0.51,190,21.4
2250,Crushed,Natural,20,360,0.46,165,40
2251,Crushed,Natural,20,375,0.51,190,20.4
2252,Crushed,Natural,20,400,0.44,175,29.9
2253,Crushed,Natural,20,450,0.33,150,37.1
2254,Crushed,Natural,20,400,0.44,175,29.9
2255,Crushed,Natural,20,375,0.47,175,34
2256,Crushed,Natural,20,375,0.49,185,28.3
2257,Crushed,Natural,20,375,0.6,225,21
2258,Crushed,Natural,20,375,0.48,180,27.2
2259,Crushed,Natural,20,375,0.48,180,27.9
2260,Crushed,Natural,20,375,0.51,190,36.3
2261,Crushed,Natural,20,375,0.44,165,34.1
2262,Crushed,Natural,20,375,0.51,190,24.6
2263,Crushed,Natural,20,375,0.49,185,38.3
2264,Crushed,Natural,20,375,0.51,190,27.6
2265,Crushed,Natural,20,375,0.48,180,33.5
2266,Crushed,Natural,20,375,0.49,185,24.8
2267,Crushed,Natural,20,385,0.47,180,39.2
2268,Crushed,Natural,20,375,0.45,170,36.1
2269,Crushed,Natural,20,375,0.51,190,41.9
2270,Crushed,Natural,20,400,0.45,180,39.5
2271,Crushed,Natural,20,375,0.48,180,21.9
2272,Crushed,Natural,20,360,0.46,165,32.2
2273,Crushed,Natural,20,375,0.51,190,24.6
2274,Crushed,Natural,20,375,0.48,180,26.2
2275,Crushed,Natural,20,375,0.51,190,26.9
2276,Crushed,Natural,20,375,0.51,190,24.5
2277,Crushed,Natural,20,385,0.48,215,22.3
2278,Crushed,Natural,20,375,0.52,195,41
2279,Crushed,Natural,20,365,0.47,170,34.8
2280,Crushed,Natural,20,375,0.48,180,24.8
2281,Crushed,Natural,20,375,0.45,170,34.7
2282,Crushed,Natural,20,365,0.51,185,35.4
2283,Crushed,Natural,20,385,0.47,180,25.9
2284,Crushed,Natural,20,340,0.47,160,25.9